,Image ID,Cross section DF [nm^2],Confidence score,Average [nm^2],Standard Deviation [nm^2],Number Counted,Standard Error of Mean [nm^2],Number Density [nm^-2]
0,0,212.7,0.666,194.55999755859375,66.51000213623047,3787.0,1.08,0.0009454
1,0,193.9,0.65,,,,,
2,0,136.4,0.648,,,,,
3,0,180.4,0.646,,,,,
4,0,213.4,0.638,,,,,
5,0,247.6,0.63,,,,,
6,0,355.5,0.63,,,,,
7,0,255.5,0.626,,,,,
8,0,145.1,0.626,,,,,
9,0,188.1,0.622,,,,,
10,0,150.9,0.621,,,,,
11,0,251.3,0.608,,,,,
12,0,167.0,0.607,,,,,
13,0,270.1,0.607,,,,,
14,0,177.9,0.604,,,,,
15,0,191.0,0.604,,,,,
16,0,157.9,0.603,,,,,
17,0,212.6,0.591,,,,,
18,0,163.8,0.59,,,,,
19,0,250.1,0.589,,,,,
20,0,213.0,0.585,,,,,
21,0,155.6,0.584,,,,,
22,0,176.7,0.582,,,,,
23,0,160.0,0.579,,,,,
24,0,166.7,0.579,,,,,
25,0,143.8,0.576,,,,,
26,0,133.4,0.573,,,,,
27,0,189.0,0.572,,,,,
28,0,136.2,0.571,,,,,
29,0,214.7,0.571,,,,,
30,0,201.5,0.569,,,,,
31,0,120.3,0.568,,,,,
32,0,132.6,0.567,,,,,
33,0,136.2,0.567,,,,,
34,0,181.9,0.566,,,,,
35,0,257.2,0.565,,,,,
36,0,158.1,0.564,,,,,
37,0,311.4,0.561,,,,,
38,0,170.8,0.56,,,,,
39,0,177.2,0.559,,,,,
40,0,177.8,0.557,,,,,
41,0,340.9,0.556,,,,,
42,0,195.4,0.555,,,,,
43,0,86.9,0.553,,,,,
44,0,191.7,0.553,,,,,
45,0,387.7,0.55,,,,,
46,0,219.1,0.55,,,,,
47,0,148.8,0.548,,,,,
48,0,142.4,0.548,,,,,
49,0,310.1,0.548,,,,,
50,0,202.6,0.546,,,,,
51,0,201.2,0.544,,,,,
52,0,189.1,0.543,,,,,
53,0,150.7,0.542,,,,,
54,0,140.8,0.542,,,,,
55,0,162.6,0.542,,,,,
56,0,136.8,0.542,,,,,
57,0,212.4,0.542,,,,,
58,0,144.5,0.541,,,,,
59,0,161.7,0.54,,,,,
60,0,180.0,0.539,,,,,
61,0,148.2,0.537,,,,,
62,0,217.1,0.537,,,,,
63,0,166.0,0.534,,,,,
64,0,150.5,0.533,,,,,
65,0,202.9,0.532,,,,,
66,0,143.4,0.532,,,,,
67,0,166.9,0.531,,,,,
68,0,203.1,0.531,,,,,
69,0,155.5,0.53,,,,,
70,0,168.0,0.529,,,,,
71,0,176.4,0.527,,,,,
72,0,229.1,0.527,,,,,
73,0,348.2,0.527,,,,,
74,0,223.5,0.526,,,,,
75,0,128.9,0.526,,,,,
76,0,559.8,0.525,,,,,
77,0,188.0,0.525,,,,,
78,0,169.2,0.525,,,,,
79,0,134.0,0.524,,,,,
80,0,122.3,0.523,,,,,
81,0,165.6,0.523,,,,,
82,0,218.8,0.522,,,,,
83,0,197.5,0.522,,,,,
84,0,274.8,0.521,,,,,
85,0,217.5,0.52,,,,,
86,0,251.6,0.518,,,,,
87,0,188.7,0.518,,,,,
88,0,149.1,0.517,,,,,
89,0,220.2,0.515,,,,,
90,0,241.3,0.514,,,,,
91,0,171.9,0.513,,,,,
92,0,123.1,0.512,,,,,
93,0,144.5,0.512,,,,,
94,0,184.6,0.512,,,,,
95,0,137.3,0.511,,,,,
96,0,235.1,0.51,,,,,
97,0,327.1,0.509,,,,,
98,0,175.1,0.508,,,,,
99,0,246.2,0.507,,,,,
100,0,186.3,0.507,,,,,
101,0,149.3,0.507,,,,,
102,0,213.0,0.506,,,,,
103,0,228.0,0.506,,,,,
104,0,164.9,0.505,,,,,
105,0,147.6,0.502,,,,,
106,0,152.6,0.502,,,,,
107,0,163.8,0.502,,,,,
108,0,192.9,0.502,,,,,
109,0,228.6,0.501,,,,,
110,0,191.4,0.5,,,,,
111,0,263.4,0.5,,,,,
112,0,93.7,0.498,,,,,
113,0,186.8,0.498,,,,,
114,0,136.5,0.497,,,,,
115,0,185.8,0.496,,,,,
116,0,405.3,0.495,,,,,
117,0,154.7,0.495,,,,,
118,0,202.3,0.494,,,,,
119,0,222.5,0.493,,,,,
120,0,204.5,0.492,,,,,
121,0,353.9,0.492,,,,,
122,0,196.5,0.491,,,,,
123,0,219.4,0.491,,,,,
124,0,159.6,0.489,,,,,
125,0,292.8,0.488,,,,,
126,0,161.6,0.488,,,,,
127,0,191.7,0.486,,,,,
128,0,251.3,0.486,,,,,
129,0,156.4,0.484,,,,,
130,0,118.0,0.484,,,,,
131,0,248.5,0.484,,,,,
132,0,153.5,0.484,,,,,
133,0,295.2,0.482,,,,,
134,0,210.2,0.482,,,,,
135,0,247.7,0.481,,,,,
136,0,174.6,0.481,,,,,
137,0,203.0,0.481,,,,,
138,0,139.4,0.48,,,,,
139,0,135.9,0.479,,,,,
140,0,162.8,0.479,,,,,
141,0,146.4,0.479,,,,,
142,0,132.3,0.479,,,,,
143,0,158.9,0.478,,,,,
144,0,133.6,0.478,,,,,
145,0,139.5,0.478,,,,,
146,0,165.0,0.477,,,,,
147,0,289.2,0.476,,,,,
148,0,226.3,0.476,,,,,
149,0,95.4,0.476,,,,,
150,0,176.0,0.475,,,,,
151,0,119.3,0.475,,,,,
152,0,225.7,0.474,,,,,
153,0,407.3,0.472,,,,,
154,0,119.9,0.471,,,,,
155,0,182.5,0.47,,,,,
156,0,172.0,0.469,,,,,
157,0,206.8,0.468,,,,,
158,0,189.8,0.468,,,,,
159,0,280.5,0.466,,,,,
160,0,207.7,0.465,,,,,
161,0,262.9,0.465,,,,,
162,0,184.2,0.465,,,,,
163,0,315.9,0.464,,,,,
164,0,246.5,0.464,,,,,
165,0,224.5,0.464,,,,,
166,0,256.7,0.463,,,,,
167,0,210.4,0.463,,,,,
168,0,237.1,0.463,,,,,
169,0,162.4,0.463,,,,,
170,0,388.2,0.463,,,,,
171,0,220.8,0.462,,,,,
172,0,203.0,0.462,,,,,
173,0,259.5,0.461,,,,,
174,0,169.0,0.461,,,,,
175,0,149.7,0.46,,,,,
176,0,265.6,0.46,,,,,
177,0,186.4,0.458,,,,,
178,0,237.8,0.458,,,,,
179,0,151.6,0.457,,,,,
180,0,92.7,0.456,,,,,
181,0,208.2,0.456,,,,,
182,0,188.8,0.455,,,,,
183,0,172.1,0.454,,,,,
184,0,253.0,0.453,,,,,
185,0,228.0,0.452,,,,,
186,0,567.3,0.45,,,,,
187,0,193.5,0.45,,,,,
188,0,237.3,0.449,,,,,
189,0,218.8,0.448,,,,,
190,0,253.8,0.448,,,,,
191,0,295.6,0.448,,,,,
192,0,110.6,0.447,,,,,
193,0,183.6,0.445,,,,,
194,0,186.2,0.445,,,,,
195,0,367.0,0.444,,,,,
196,0,233.6,0.443,,,,,
197,0,148.5,0.442,,,,,
198,0,299.3,0.44,,,,,
199,0,134.7,0.439,,,,,
200,0,177.8,0.439,,,,,
201,0,205.2,0.437,,,,,
202,0,143.1,0.437,,,,,
203,0,347.9,0.436,,,,,
204,0,210.4,0.435,,,,,
205,0,129.2,0.435,,,,,
206,0,258.3,0.434,,,,,
207,0,151.7,0.433,,,,,
208,0,155.5,0.432,,,,,
209,0,289.1,0.431,,,,,
210,0,164.5,0.429,,,,,
211,0,149.6,0.429,,,,,
212,0,228.2,0.428,,,,,
213,0,126.3,0.426,,,,,
214,0,428.1,0.425,,,,,
215,0,116.6,0.425,,,,,
216,0,181.7,0.423,,,,,
217,0,302.5,0.423,,,,,
218,0,192.6,0.422,,,,,
219,0,208.8,0.42,,,,,
220,0,285.9,0.42,,,,,
221,0,282.9,0.42,,,,,
222,0,339.6,0.42,,,,,
223,0,326.4,0.42,,,,,
224,0,315.8,0.419,,,,,
225,0,219.2,0.419,,,,,
226,0,182.7,0.419,,,,,
227,0,134.8,0.419,,,,,
228,0,155.2,0.419,,,,,
229,0,152.1,0.419,,,,,
230,0,279.5,0.419,,,,,
231,0,125.5,0.418,,,,,
232,0,136.6,0.416,,,,,
233,0,115.0,0.416,,,,,
234,0,209.1,0.416,,,,,
235,0,186.4,0.416,,,,,
236,0,233.3,0.414,,,,,
237,0,348.5,0.414,,,,,
238,0,123.3,0.414,,,,,
239,0,170.7,0.413,,,,,
240,0,145.1,0.413,,,,,
241,0,236.1,0.412,,,,,
242,0,235.0,0.411,,,,,
243,0,198.5,0.411,,,,,
244,0,176.6,0.411,,,,,
245,0,182.2,0.408,,,,,
246,0,235.0,0.407,,,,,
247,0,153.0,0.407,,,,,
248,0,157.5,0.407,,,,,
249,0,507.7,0.407,,,,,
250,0,223.7,0.405,,,,,
251,0,223.4,0.405,,,,,
252,0,180.5,0.405,,,,,
253,0,97.9,0.404,,,,,
254,0,141.3,0.403,,,,,
255,0,122.5,0.403,,,,,
256,0,178.3,0.402,,,,,
257,0,235.1,0.399,,,,,
258,0,157.2,0.398,,,,,
259,0,200.0,0.397,,,,,
260,0,231.6,0.396,,,,,
261,0,250.0,0.394,,,,,
262,0,137.8,0.393,,,,,
263,0,130.7,0.393,,,,,
264,0,267.8,0.393,,,,,
265,0,184.1,0.39,,,,,
266,0,254.5,0.39,,,,,
267,0,315.5,0.389,,,,,
268,0,207.3,0.388,,,,,
269,0,205.5,0.388,,,,,
270,0,188.9,0.388,,,,,
271,0,205.6,0.388,,,,,
272,0,203.7,0.387,,,,,
273,0,259.3,0.386,,,,,
274,0,298.8,0.386,,,,,
275,0,114.0,0.384,,,,,
276,0,206.8,0.384,,,,,
277,0,178.0,0.382,,,,,
278,0,144.9,0.381,,,,,
279,0,195.9,0.381,,,,,
280,0,262.3,0.38,,,,,
281,0,105.6,0.379,,,,,
282,0,241.6,0.379,,,,,
283,0,211.6,0.378,,,,,
284,0,198.3,0.377,,,,,
285,0,254.5,0.376,,,,,
286,0,175.0,0.375,,,,,
287,0,134.0,0.372,,,,,
288,0,201.6,0.372,,,,,
289,0,241.8,0.371,,,,,
290,0,118.8,0.369,,,,,
291,0,253.1,0.369,,,,,
292,0,112.1,0.369,,,,,
293,0,216.3,0.367,,,,,
294,0,116.6,0.367,,,,,
295,0,191.3,0.367,,,,,
296,0,388.0,0.367,,,,,
297,0,161.3,0.367,,,,,
298,0,282.3,0.366,,,,,
299,0,186.8,0.366,,,,,
300,0,227.0,0.366,,,,,
301,0,207.7,0.366,,,,,
302,0,169.5,0.365,,,,,
303,0,184.7,0.365,,,,,
304,0,286.6,0.365,,,,,
305,0,158.4,0.364,,,,,
306,0,149.7,0.362,,,,,
307,0,188.1,0.362,,,,,
308,0,174.9,0.361,,,,,
309,0,90.1,0.36,,,,,
310,0,291.7,0.359,,,,,
311,0,268.7,0.358,,,,,
312,0,189.0,0.358,,,,,
313,0,312.0,0.356,,,,,
314,0,123.7,0.355,,,,,
315,0,129.1,0.355,,,,,
316,0,170.2,0.355,,,,,
317,0,179.7,0.351,,,,,
318,0,197.9,0.351,,,,,
319,0,144.9,0.351,,,,,
320,0,394.3,0.349,,,,,
321,0,144.3,0.348,,,,,
322,0,99.2,0.347,,,,,
323,0,175.7,0.347,,,,,
324,0,346.8,0.346,,,,,
325,0,219.3,0.346,,,,,
326,0,100.9,0.345,,,,,
327,0,115.6,0.344,,,,,
328,0,217.7,0.343,,,,,
329,0,221.8,0.342,,,,,
330,0,173.0,0.342,,,,,
331,0,193.6,0.342,,,,,
332,0,335.0,0.34,,,,,
333,0,240.8,0.339,,,,,
334,0,176.8,0.338,,,,,
335,0,154.7,0.338,,,,,
336,0,271.6,0.338,,,,,
337,0,160.5,0.338,,,,,
338,0,167.2,0.338,,,,,
339,0,113.7,0.338,,,,,
340,0,166.4,0.337,,,,,
341,0,122.4,0.336,,,,,
342,0,210.3,0.336,,,,,
343,0,140.4,0.336,,,,,
344,0,127.2,0.336,,,,,
345,0,246.8,0.335,,,,,
346,0,303.7,0.335,,,,,
347,0,188.3,0.334,,,,,
348,0,132.3,0.334,,,,,
349,0,208.3,0.333,,,,,
350,0,200.9,0.331,,,,,
351,0,94.4,0.331,,,,,
352,0,200.4,0.331,,,,,
353,0,144.4,0.331,,,,,
354,0,123.0,0.33,,,,,
355,0,151.0,0.327,,,,,
356,0,180.1,0.326,,,,,
357,0,156.2,0.324,,,,,
358,0,212.9,0.323,,,,,
359,0,182.6,0.322,,,,,
360,0,282.2,0.321,,,,,
361,0,181.3,0.321,,,,,
362,0,218.8,0.321,,,,,
363,0,388.6,0.32,,,,,
364,0,167.9,0.319,,,,,
365,0,239.5,0.318,,,,,
366,0,117.2,0.317,,,,,
367,0,119.0,0.317,,,,,
368,0,264.6,0.316,,,,,
369,0,155.4,0.316,,,,,
370,0,316.4,0.316,,,,,
371,0,108.5,0.316,,,,,
372,0,392.6,0.316,,,,,
373,0,231.3,0.315,,,,,
374,0,117.3,0.314,,,,,
375,0,123.9,0.314,,,,,
376,0,117.4,0.312,,,,,
377,0,112.6,0.311,,,,,
378,0,197.2,0.311,,,,,
379,0,204.0,0.311,,,,,
380,0,121.0,0.308,,,,,
381,0,230.1,0.308,,,,,
382,0,250.1,0.307,,,,,
383,0,223.1,0.307,,,,,
384,0,129.9,0.307,,,,,
385,0,137.4,0.306,,,,,
386,0,203.9,0.304,,,,,
387,0,279.6,0.304,,,,,
388,0,148.8,0.303,,,,,
389,0,205.7,0.303,,,,,
390,0,95.4,0.302,,,,,
391,0,90.0,0.301,,,,,
392,1,158.9,0.802,,,,,
393,1,265.7,0.784,,,,,
394,1,208.3,0.782,,,,,
395,1,302.6,0.741,,,,,
396,1,180.5,0.707,,,,,
397,1,274.2,0.688,,,,,
398,1,223.0,0.687,,,,,
399,1,295.0,0.686,,,,,
400,1,264.6,0.671,,,,,
401,1,321.9,0.668,,,,,
402,1,167.7,0.668,,,,,
403,1,191.7,0.666,,,,,
404,1,214.4,0.662,,,,,
405,1,139.3,0.66,,,,,
406,1,164.8,0.656,,,,,
407,1,238.9,0.653,,,,,
408,1,154.5,0.652,,,,,
409,1,201.5,0.65,,,,,
410,1,392.8,0.648,,,,,
411,1,306.7,0.646,,,,,
412,1,179.4,0.641,,,,,
413,1,246.9,0.64,,,,,
414,1,116.7,0.636,,,,,
415,1,163.8,0.632,,,,,
416,1,139.6,0.627,,,,,
417,1,205.0,0.627,,,,,
418,1,193.4,0.621,,,,,
419,1,194.1,0.62,,,,,
420,1,157.4,0.618,,,,,
421,1,160.1,0.617,,,,,
422,1,195.3,0.616,,,,,
423,1,170.5,0.616,,,,,
424,1,271.6,0.61,,,,,
425,1,227.9,0.61,,,,,
426,1,189.7,0.608,,,,,
427,1,243.1,0.607,,,,,
428,1,335.7,0.607,,,,,
429,1,231.9,0.607,,,,,
430,1,211.0,0.604,,,,,
431,1,163.1,0.602,,,,,
432,1,170.7,0.601,,,,,
433,1,150.2,0.599,,,,,
434,1,206.3,0.598,,,,,
435,1,170.4,0.597,,,,,
436,1,139.6,0.596,,,,,
437,1,113.1,0.593,,,,,
438,1,230.5,0.593,,,,,
439,1,163.2,0.592,,,,,
440,1,212.1,0.591,,,,,
441,1,219.3,0.591,,,,,
442,1,162.9,0.591,,,,,
443,1,306.7,0.591,,,,,
444,1,150.1,0.59,,,,,
445,1,285.0,0.589,,,,,
446,1,185.6,0.589,,,,,
447,1,170.5,0.588,,,,,
448,1,229.0,0.588,,,,,
449,1,164.5,0.585,,,,,
450,1,188.3,0.585,,,,,
451,1,144.9,0.584,,,,,
452,1,145.9,0.583,,,,,
453,1,179.3,0.582,,,,,
454,1,166.0,0.582,,,,,
455,1,358.6,0.581,,,,,
456,1,238.0,0.581,,,,,
457,1,201.1,0.58,,,,,
458,1,163.2,0.58,,,,,
459,1,200.6,0.578,,,,,
460,1,172.9,0.578,,,,,
461,1,134.0,0.578,,,,,
462,1,174.9,0.575,,,,,
463,1,122.3,0.574,,,,,
464,1,128.2,0.574,,,,,
465,1,204.4,0.574,,,,,
466,1,172.8,0.573,,,,,
467,1,325.5,0.573,,,,,
468,1,168.7,0.572,,,,,
469,1,156.1,0.571,,,,,
470,1,195.7,0.57,,,,,
471,1,274.3,0.57,,,,,
472,1,174.9,0.569,,,,,
473,1,251.3,0.568,,,,,
474,1,211.7,0.568,,,,,
475,1,212.2,0.567,,,,,
476,1,156.5,0.565,,,,,
477,1,148.1,0.564,,,,,
478,1,284.9,0.564,,,,,
479,1,244.1,0.562,,,,,
480,1,251.3,0.561,,,,,
481,1,185.3,0.56,,,,,
482,1,232.1,0.559,,,,,
483,1,175.1,0.557,,,,,
484,1,232.9,0.557,,,,,
485,1,125.6,0.557,,,,,
486,1,133.9,0.557,,,,,
487,1,127.4,0.556,,,,,
488,1,238.8,0.556,,,,,
489,1,298.9,0.556,,,,,
490,1,114.7,0.555,,,,,
491,1,208.0,0.553,,,,,
492,1,295.6,0.552,,,,,
493,1,195.4,0.552,,,,,
494,1,151.5,0.549,,,,,
495,1,174.1,0.548,,,,,
496,1,171.4,0.548,,,,,
497,1,156.3,0.547,,,,,
498,1,198.4,0.547,,,,,
499,1,190.9,0.544,,,,,
500,1,126.3,0.542,,,,,
501,1,193.6,0.54,,,,,
502,1,211.2,0.54,,,,,
503,1,187.1,0.54,,,,,
504,1,189.6,0.54,,,,,
505,1,348.8,0.539,,,,,
506,1,115.6,0.537,,,,,
507,1,142.8,0.537,,,,,
508,1,328.2,0.537,,,,,
509,1,144.9,0.536,,,,,
510,1,315.0,0.534,,,,,
511,1,232.8,0.533,,,,,
512,1,157.1,0.533,,,,,
513,1,153.7,0.532,,,,,
514,1,147.4,0.531,,,,,
515,1,157.9,0.53,,,,,
516,1,192.0,0.53,,,,,
517,1,325.0,0.53,,,,,
518,1,227.0,0.53,,,,,
519,1,148.6,0.529,,,,,
520,1,166.6,0.529,,,,,
521,1,153.6,0.528,,,,,
522,1,190.5,0.527,,,,,
523,1,278.0,0.526,,,,,
524,1,245.2,0.526,,,,,
525,1,137.3,0.525,,,,,
526,1,236.1,0.524,,,,,
527,1,292.4,0.523,,,,,
528,1,235.0,0.523,,,,,
529,1,148.4,0.523,,,,,
530,1,150.3,0.523,,,,,
531,1,323.8,0.519,,,,,
532,1,142.9,0.518,,,,,
533,1,259.1,0.514,,,,,
534,1,258.7,0.514,,,,,
535,1,164.9,0.514,,,,,
536,1,142.6,0.513,,,,,
537,1,237.5,0.513,,,,,
538,1,135.1,0.512,,,,,
539,1,145.3,0.51,,,,,
540,1,155.5,0.509,,,,,
541,1,231.5,0.508,,,,,
542,1,92.7,0.507,,,,,
543,1,134.1,0.507,,,,,
544,1,270.6,0.507,,,,,
545,1,151.3,0.506,,,,,
546,1,130.8,0.506,,,,,
547,1,233.7,0.504,,,,,
548,1,231.6,0.504,,,,,
549,1,221.8,0.503,,,,,
550,1,169.3,0.502,,,,,
551,1,164.6,0.502,,,,,
552,1,112.1,0.501,,,,,
553,1,184.9,0.501,,,,,
554,1,266.6,0.5,,,,,
555,1,140.0,0.499,,,,,
556,1,147.5,0.499,,,,,
557,1,199.7,0.499,,,,,
558,1,204.5,0.498,,,,,
559,1,222.3,0.498,,,,,
560,1,175.5,0.498,,,,,
561,1,180.0,0.497,,,,,
562,1,127.8,0.495,,,,,
563,1,159.9,0.495,,,,,
564,1,207.7,0.494,,,,,
565,1,142.7,0.494,,,,,
566,1,154.0,0.492,,,,,
567,1,143.7,0.492,,,,,
568,1,263.4,0.491,,,,,
569,1,191.2,0.49,,,,,
570,1,160.0,0.49,,,,,
571,1,221.5,0.488,,,,,
572,1,285.9,0.488,,,,,
573,1,147.1,0.485,,,,,
574,1,353.5,0.484,,,,,
575,1,163.7,0.483,,,,,
576,1,349.8,0.483,,,,,
577,1,318.1,0.48,,,,,
578,1,195.1,0.479,,,,,
579,1,265.9,0.479,,,,,
580,1,104.2,0.478,,,,,
581,1,84.2,0.477,,,,,
582,1,124.7,0.476,,,,,
583,1,146.4,0.476,,,,,
584,1,437.0,0.476,,,,,
585,1,97.3,0.476,,,,,
586,1,248.3,0.475,,,,,
587,1,134.3,0.474,,,,,
588,1,124.9,0.473,,,,,
589,1,172.5,0.473,,,,,
590,1,132.7,0.473,,,,,
591,1,168.1,0.472,,,,,
592,1,163.0,0.472,,,,,
593,1,162.6,0.471,,,,,
594,1,199.2,0.471,,,,,
595,1,181.4,0.47,,,,,
596,1,218.4,0.469,,,,,
597,1,218.6,0.469,,,,,
598,1,213.6,0.467,,,,,
599,1,99.2,0.467,,,,,
600,1,261.5,0.467,,,,,
601,1,169.3,0.466,,,,,
602,1,249.8,0.466,,,,,
603,1,142.3,0.466,,,,,
604,1,134.9,0.465,,,,,
605,1,141.3,0.464,,,,,
606,1,147.6,0.463,,,,,
607,1,238.3,0.46,,,,,
608,1,313.0,0.46,,,,,
609,1,195.1,0.458,,,,,
610,1,336.9,0.458,,,,,
611,1,162.6,0.458,,,,,
612,1,105.3,0.458,,,,,
613,1,322.6,0.457,,,,,
614,1,192.2,0.457,,,,,
615,1,211.1,0.457,,,,,
616,1,176.1,0.456,,,,,
617,1,196.7,0.456,,,,,
618,1,170.5,0.456,,,,,
619,1,213.8,0.454,,,,,
620,1,130.5,0.453,,,,,
621,1,187.2,0.453,,,,,
622,1,193.5,0.45,,,,,
623,1,310.6,0.449,,,,,
624,1,187.0,0.447,,,,,
625,1,104.7,0.446,,,,,
626,1,203.4,0.446,,,,,
627,1,149.9,0.446,,,,,
628,1,172.9,0.445,,,,,
629,1,247.1,0.445,,,,,
630,1,246.1,0.444,,,,,
631,1,145.3,0.444,,,,,
632,1,192.9,0.443,,,,,
633,1,157.9,0.443,,,,,
634,1,95.3,0.442,,,,,
635,1,176.4,0.44,,,,,
636,1,228.4,0.439,,,,,
637,1,217.8,0.439,,,,,
638,1,106.3,0.439,,,,,
639,1,134.4,0.439,,,,,
640,1,169.4,0.439,,,,,
641,1,281.7,0.439,,,,,
642,1,380.6,0.437,,,,,
643,1,183.9,0.435,,,,,
644,1,125.9,0.435,,,,,
645,1,137.2,0.434,,,,,
646,1,285.5,0.434,,,,,
647,1,122.6,0.433,,,,,
648,1,178.2,0.433,,,,,
649,1,182.9,0.433,,,,,
650,1,220.5,0.433,,,,,
651,1,251.3,0.432,,,,,
652,1,295.9,0.431,,,,,
653,1,255.5,0.43,,,,,
654,1,202.4,0.43,,,,,
655,1,239.7,0.43,,,,,
656,1,212.6,0.428,,,,,
657,1,178.6,0.428,,,,,
658,1,244.9,0.428,,,,,
659,1,204.0,0.428,,,,,
660,1,283.1,0.428,,,,,
661,1,276.7,0.425,,,,,
662,1,167.6,0.424,,,,,
663,1,140.0,0.424,,,,,
664,1,111.5,0.422,,,,,
665,1,213.7,0.422,,,,,
666,1,244.0,0.422,,,,,
667,1,208.0,0.422,,,,,
668,1,136.9,0.421,,,,,
669,1,183.5,0.42,,,,,
670,1,230.7,0.42,,,,,
671,1,236.9,0.42,,,,,
672,1,170.6,0.42,,,,,
673,1,108.2,0.419,,,,,
674,1,277.4,0.418,,,,,
675,1,174.9,0.417,,,,,
676,1,203.9,0.417,,,,,
677,1,226.0,0.417,,,,,
678,1,154.0,0.417,,,,,
679,1,160.9,0.416,,,,,
680,1,148.4,0.415,,,,,
681,1,171.1,0.414,,,,,
682,1,276.5,0.413,,,,,
683,1,158.4,0.413,,,,,
684,1,236.8,0.413,,,,,
685,1,150.7,0.412,,,,,
686,1,79.2,0.409,,,,,
687,1,183.5,0.408,,,,,
688,1,343.8,0.408,,,,,
689,1,164.9,0.407,,,,,
690,1,321.0,0.407,,,,,
691,1,190.7,0.406,,,,,
692,1,121.7,0.404,,,,,
693,1,119.8,0.402,,,,,
694,1,216.1,0.401,,,,,
695,1,125.0,0.401,,,,,
696,1,187.2,0.401,,,,,
697,1,406.0,0.4,,,,,
698,1,121.1,0.4,,,,,
699,1,222.6,0.4,,,,,
700,1,191.8,0.4,,,,,
701,1,194.9,0.399,,,,,
702,1,233.6,0.399,,,,,
703,1,261.8,0.399,,,,,
704,1,180.2,0.398,,,,,
705,1,275.3,0.398,,,,,
706,1,196.9,0.398,,,,,
707,1,119.2,0.397,,,,,
708,1,202.3,0.396,,,,,
709,1,148.8,0.396,,,,,
710,1,335.8,0.394,,,,,
711,1,116.5,0.394,,,,,
712,1,148.3,0.394,,,,,
713,1,305.4,0.392,,,,,
714,1,142.2,0.391,,,,,
715,1,146.7,0.391,,,,,
716,1,112.9,0.391,,,,,
717,1,180.2,0.39,,,,,
718,1,381.9,0.39,,,,,
719,1,255.5,0.389,,,,,
720,1,165.6,0.388,,,,,
721,1,255.1,0.388,,,,,
722,1,161.2,0.387,,,,,
723,1,311.9,0.385,,,,,
724,1,203.6,0.385,,,,,
725,1,134.9,0.385,,,,,
726,1,160.2,0.384,,,,,
727,1,203.7,0.383,,,,,
728,1,255.0,0.383,,,,,
729,1,219.2,0.382,,,,,
730,1,103.4,0.381,,,,,
731,1,137.3,0.379,,,,,
732,1,154.2,0.378,,,,,
733,1,193.5,0.378,,,,,
734,1,162.0,0.375,,,,,
735,1,129.9,0.375,,,,,
736,1,159.0,0.374,,,,,
737,1,164.7,0.374,,,,,
738,1,192.2,0.373,,,,,
739,1,132.2,0.372,,,,,
740,1,175.3,0.372,,,,,
741,1,135.2,0.372,,,,,
742,1,277.3,0.371,,,,,
743,1,391.3,0.371,,,,,
744,1,132.7,0.369,,,,,
745,1,110.8,0.369,,,,,
746,1,275.8,0.369,,,,,
747,1,143.9,0.367,,,,,
748,1,119.7,0.367,,,,,
749,1,220.6,0.365,,,,,
750,1,159.8,0.365,,,,,
751,1,301.2,0.362,,,,,
752,1,171.5,0.36,,,,,
753,1,171.4,0.359,,,,,
754,1,220.2,0.359,,,,,
755,1,184.6,0.358,,,,,
756,1,304.3,0.357,,,,,
757,1,141.5,0.356,,,,,
758,1,145.0,0.355,,,,,
759,1,280.1,0.355,,,,,
760,1,130.7,0.355,,,,,
761,1,238.3,0.353,,,,,
762,1,195.1,0.35,,,,,
763,1,119.4,0.347,,,,,
764,1,133.4,0.347,,,,,
765,1,138.7,0.347,,,,,
766,1,229.8,0.346,,,,,
767,1,256.1,0.346,,,,,
768,1,108.1,0.345,,,,,
769,1,299.0,0.342,,,,,
770,1,234.8,0.342,,,,,
771,1,265.1,0.34,,,,,
772,1,109.5,0.34,,,,,
773,1,109.2,0.34,,,,,
774,1,120.7,0.338,,,,,
775,1,180.2,0.333,,,,,
776,1,136.8,0.332,,,,,
777,1,230.1,0.331,,,,,
778,1,170.0,0.33,,,,,
779,1,175.9,0.33,,,,,
780,1,165.5,0.33,,,,,
781,1,88.9,0.329,,,,,
782,1,147.8,0.329,,,,,
783,1,175.1,0.329,,,,,
784,1,139.1,0.329,,,,,
785,1,100.2,0.328,,,,,
786,1,268.1,0.327,,,,,
787,1,359.8,0.327,,,,,
788,1,242.3,0.325,,,,,
789,1,118.7,0.325,,,,,
790,1,177.1,0.323,,,,,
791,1,127.0,0.322,,,,,
792,1,157.2,0.322,,,,,
793,1,164.6,0.321,,,,,
794,1,375.0,0.32,,,,,
795,1,314.5,0.32,,,,,
796,1,131.6,0.32,,,,,
797,1,174.7,0.318,,,,,
798,1,135.0,0.318,,,,,
799,1,276.9,0.318,,,,,
800,1,166.5,0.317,,,,,
801,1,107.1,0.315,,,,,
802,1,115.7,0.314,,,,,
803,1,130.6,0.314,,,,,
804,1,172.9,0.313,,,,,
805,1,250.8,0.312,,,,,
806,1,156.1,0.312,,,,,
807,1,122.9,0.31,,,,,
808,1,177.4,0.31,,,,,
809,1,282.9,0.309,,,,,
810,1,350.0,0.308,,,,,
811,1,116.4,0.307,,,,,
812,1,166.9,0.307,,,,,
813,1,125.3,0.306,,,,,
814,1,182.4,0.305,,,,,
815,1,124.8,0.305,,,,,
816,1,118.2,0.304,,,,,
817,1,169.3,0.303,,,,,
818,1,171.7,0.303,,,,,
819,1,229.0,0.302,,,,,
820,1,167.1,0.302,,,,,
821,1,237.0,0.301,,,,,
822,2,252.4,0.829,,,,,
823,2,186.8,0.791,,,,,
824,2,171.4,0.784,,,,,
825,2,170.6,0.779,,,,,
826,2,201.3,0.772,,,,,
827,2,165.4,0.763,,,,,
828,2,222.4,0.76,,,,,
829,2,273.7,0.759,,,,,
830,2,182.2,0.757,,,,,
831,2,233.5,0.754,,,,,
832,2,196.4,0.754,,,,,
833,2,232.0,0.752,,,,,
834,2,162.6,0.752,,,,,
835,2,258.6,0.75,,,,,
836,2,362.8,0.748,,,,,
837,2,501.6,0.746,,,,,
838,2,224.2,0.743,,,,,
839,2,208.1,0.741,,,,,
840,2,204.2,0.739,,,,,
841,2,194.8,0.738,,,,,
842,2,157.5,0.737,,,,,
843,2,272.6,0.734,,,,,
844,2,238.7,0.733,,,,,
845,2,395.6,0.733,,,,,
846,2,178.1,0.73,,,,,
847,2,375.8,0.726,,,,,
848,2,181.7,0.725,,,,,
849,2,294.7,0.722,,,,,
850,2,277.3,0.722,,,,,
851,2,218.2,0.721,,,,,
852,2,177.9,0.721,,,,,
853,2,242.2,0.718,,,,,
854,2,325.6,0.715,,,,,
855,2,166.4,0.714,,,,,
856,2,155.0,0.713,,,,,
857,2,152.8,0.711,,,,,
858,2,163.4,0.711,,,,,
859,2,271.2,0.711,,,,,
860,2,157.6,0.71,,,,,
861,2,192.2,0.71,,,,,
862,2,139.9,0.709,,,,,
863,2,343.7,0.709,,,,,
864,2,319.9,0.709,,,,,
865,2,198.7,0.709,,,,,
866,2,188.1,0.708,,,,,
867,2,168.0,0.707,,,,,
868,2,220.0,0.706,,,,,
869,2,180.3,0.705,,,,,
870,2,144.1,0.704,,,,,
871,2,225.9,0.704,,,,,
872,2,225.3,0.701,,,,,
873,2,160.5,0.701,,,,,
874,2,171.8,0.7,,,,,
875,2,132.9,0.699,,,,,
876,2,215.0,0.697,,,,,
877,2,213.0,0.697,,,,,
878,2,259.8,0.686,,,,,
879,2,164.0,0.685,,,,,
880,2,187.5,0.684,,,,,
881,2,300.2,0.683,,,,,
882,2,246.3,0.682,,,,,
883,2,263.0,0.682,,,,,
884,2,186.4,0.68,,,,,
885,2,258.0,0.68,,,,,
886,2,206.2,0.679,,,,,
887,2,144.6,0.679,,,,,
888,2,285.7,0.678,,,,,
889,2,177.5,0.677,,,,,
890,2,139.4,0.676,,,,,
891,2,139.6,0.675,,,,,
892,2,154.7,0.675,,,,,
893,2,157.5,0.674,,,,,
894,2,167.2,0.674,,,,,
895,2,292.2,0.671,,,,,
896,2,291.7,0.669,,,,,
897,2,227.3,0.668,,,,,
898,2,218.1,0.667,,,,,
899,2,300.8,0.666,,,,,
900,2,200.8,0.666,,,,,
901,2,260.0,0.665,,,,,
902,2,182.9,0.662,,,,,
903,2,205.6,0.662,,,,,
904,2,322.2,0.661,,,,,
905,2,139.0,0.66,,,,,
906,2,179.6,0.659,,,,,
907,2,143.5,0.657,,,,,
908,2,251.4,0.657,,,,,
909,2,189.8,0.655,,,,,
910,2,146.7,0.655,,,,,
911,2,166.9,0.655,,,,,
912,2,158.4,0.654,,,,,
913,2,199.8,0.654,,,,,
914,2,153.5,0.654,,,,,
915,2,350.3,0.651,,,,,
916,2,215.8,0.65,,,,,
917,2,233.5,0.649,,,,,
918,2,355.9,0.648,,,,,
919,2,177.5,0.644,,,,,
920,2,279.8,0.644,,,,,
921,2,201.4,0.644,,,,,
922,2,140.1,0.643,,,,,
923,2,160.3,0.643,,,,,
924,2,173.0,0.643,,,,,
925,2,140.6,0.642,,,,,
926,2,195.8,0.641,,,,,
927,2,184.4,0.641,,,,,
928,2,235.4,0.64,,,,,
929,2,408.7,0.64,,,,,
930,2,177.5,0.639,,,,,
931,2,186.4,0.638,,,,,
932,2,191.7,0.637,,,,,
933,2,144.0,0.637,,,,,
934,2,178.1,0.636,,,,,
935,2,235.5,0.636,,,,,
936,2,233.5,0.636,,,,,
937,2,184.4,0.635,,,,,
938,2,144.0,0.635,,,,,
939,2,158.5,0.635,,,,,
940,2,147.0,0.633,,,,,
941,2,180.0,0.631,,,,,
942,2,256.7,0.63,,,,,
943,2,279.8,0.63,,,,,
944,2,162.7,0.629,,,,,
945,2,262.3,0.629,,,,,
946,2,168.1,0.625,,,,,
947,2,172.7,0.623,,,,,
948,2,120.9,0.622,,,,,
949,2,180.0,0.621,,,,,
950,2,168.5,0.62,,,,,
951,2,143.8,0.62,,,,,
952,2,141.1,0.619,,,,,
953,2,244.9,0.619,,,,,
954,2,296.0,0.617,,,,,
955,2,190.5,0.617,,,,,
956,2,185.1,0.616,,,,,
957,2,187.3,0.615,,,,,
958,2,215.6,0.615,,,,,
959,2,115.4,0.614,,,,,
960,2,168.8,0.614,,,,,
961,2,257.1,0.613,,,,,
962,2,240.1,0.613,,,,,
963,2,152.3,0.612,,,,,
964,2,122.5,0.612,,,,,
965,2,250.2,0.611,,,,,
966,2,201.9,0.611,,,,,
967,2,167.2,0.611,,,,,
968,2,181.3,0.611,,,,,
969,2,119.3,0.61,,,,,
970,2,180.0,0.609,,,,,
971,2,188.8,0.608,,,,,
972,2,206.5,0.608,,,,,
973,2,193.0,0.608,,,,,
974,2,164.3,0.607,,,,,
975,2,248.1,0.605,,,,,
976,2,130.2,0.604,,,,,
977,2,156.1,0.603,,,,,
978,2,145.6,0.603,,,,,
979,2,156.7,0.603,,,,,
980,2,435.4,0.602,,,,,
981,2,223.1,0.602,,,,,
982,2,322.5,0.602,,,,,
983,2,180.7,0.601,,,,,
984,2,332.5,0.601,,,,,
985,2,190.3,0.6,,,,,
986,2,134.3,0.6,,,,,
987,2,173.3,0.598,,,,,
988,2,205.9,0.597,,,,,
989,2,156.2,0.596,,,,,
990,2,212.4,0.595,,,,,
991,2,316.3,0.595,,,,,
992,2,168.7,0.594,,,,,
993,2,210.9,0.593,,,,,
994,2,190.8,0.592,,,,,
995,2,401.8,0.591,,,,,
996,2,216.9,0.591,,,,,
997,2,115.2,0.588,,,,,
998,2,222.6,0.588,,,,,
999,2,240.2,0.587,,,,,
1000,2,226.4,0.587,,,,,
1001,2,364.8,0.586,,,,,
1002,2,202.4,0.586,,,,,
1003,2,333.0,0.586,,,,,
1004,2,149.4,0.585,,,,,
1005,2,251.4,0.584,,,,,
1006,2,187.1,0.584,,,,,
1007,2,306.2,0.584,,,,,
1008,2,293.7,0.583,,,,,
1009,2,406.2,0.583,,,,,
1010,2,253.3,0.583,,,,,
1011,2,147.4,0.582,,,,,
1012,2,221.3,0.582,,,,,
1013,2,143.6,0.582,,,,,
1014,2,208.7,0.58,,,,,
1015,2,381.9,0.58,,,,,
1016,2,156.0,0.578,,,,,
1017,2,277.1,0.577,,,,,
1018,2,280.0,0.576,,,,,
1019,2,265.8,0.575,,,,,
1020,2,281.2,0.575,,,,,
1021,2,147.8,0.574,,,,,
1022,2,315.6,0.573,,,,,
1023,2,138.4,0.573,,,,,
1024,2,175.4,0.572,,,,,
1025,2,244.8,0.571,,,,,
1026,2,167.0,0.571,,,,,
1027,2,216.2,0.57,,,,,
1028,2,242.1,0.568,,,,,
1029,2,152.9,0.568,,,,,
1030,2,166.5,0.567,,,,,
1031,2,168.1,0.567,,,,,
1032,2,187.9,0.565,,,,,
1033,2,242.8,0.564,,,,,
1034,2,106.7,0.563,,,,,
1035,2,234.2,0.562,,,,,
1036,2,283.9,0.562,,,,,
1037,2,263.2,0.561,,,,,
1038,2,230.4,0.561,,,,,
1039,2,388.3,0.56,,,,,
1040,2,167.9,0.559,,,,,
1041,2,151.0,0.559,,,,,
1042,2,140.4,0.558,,,,,
1043,2,163.2,0.557,,,,,
1044,2,156.8,0.557,,,,,
1045,2,142.4,0.556,,,,,
1046,2,106.6,0.556,,,,,
1047,2,161.6,0.555,,,,,
1048,2,160.3,0.555,,,,,
1049,2,147.3,0.554,,,,,
1050,2,172.2,0.553,,,,,
1051,2,343.3,0.553,,,,,
1052,2,222.8,0.551,,,,,
1053,2,137.7,0.551,,,,,
1054,2,156.5,0.55,,,,,
1055,2,225.1,0.55,,,,,
1056,2,284.6,0.549,,,,,
1057,2,215.4,0.549,,,,,
1058,2,140.7,0.548,,,,,
1059,2,292.5,0.548,,,,,
1060,2,144.1,0.548,,,,,
1061,2,251.0,0.547,,,,,
1062,2,285.5,0.545,,,,,
1063,2,295.5,0.545,,,,,
1064,2,140.5,0.544,,,,,
1065,2,112.5,0.544,,,,,
1066,2,169.2,0.543,,,,,
1067,2,270.9,0.542,,,,,
1068,2,222.9,0.542,,,,,
1069,2,170.8,0.542,,,,,
1070,2,138.3,0.542,,,,,
1071,2,171.2,0.54,,,,,
1072,2,173.0,0.538,,,,,
1073,2,160.0,0.538,,,,,
1074,2,281.8,0.537,,,,,
1075,2,252.5,0.537,,,,,
1076,2,354.0,0.536,,,,,
1077,2,197.7,0.536,,,,,
1078,2,131.8,0.535,,,,,
1079,2,193.6,0.534,,,,,
1080,2,257.0,0.534,,,,,
1081,2,125.4,0.534,,,,,
1082,2,129.3,0.533,,,,,
1083,2,252.1,0.533,,,,,
1084,2,294.1,0.533,,,,,
1085,2,127.5,0.533,,,,,
1086,2,187.9,0.532,,,,,
1087,2,303.5,0.532,,,,,
1088,2,180.4,0.531,,,,,
1089,2,181.6,0.531,,,,,
1090,2,219.5,0.53,,,,,
1091,2,188.2,0.53,,,,,
1092,2,189.6,0.529,,,,,
1093,2,146.0,0.528,,,,,
1094,2,229.1,0.526,,,,,
1095,2,293.0,0.526,,,,,
1096,2,132.2,0.525,,,,,
1097,2,149.5,0.525,,,,,
1098,2,242.9,0.525,,,,,
1099,2,275.4,0.524,,,,,
1100,2,178.3,0.521,,,,,
1101,2,155.1,0.521,,,,,
1102,2,169.5,0.521,,,,,
1103,2,201.4,0.521,,,,,
1104,2,163.5,0.521,,,,,
1105,2,162.1,0.521,,,,,
1106,2,214.0,0.52,,,,,
1107,2,142.7,0.518,,,,,
1108,2,235.9,0.517,,,,,
1109,2,166.1,0.517,,,,,
1110,2,126.0,0.515,,,,,
1111,2,156.3,0.515,,,,,
1112,2,257.4,0.514,,,,,
1113,2,215.8,0.512,,,,,
1114,2,202.9,0.511,,,,,
1115,2,120.6,0.51,,,,,
1116,2,184.8,0.51,,,,,
1117,2,180.0,0.508,,,,,
1118,2,177.5,0.508,,,,,
1119,2,153.6,0.508,,,,,
1120,2,127.5,0.507,,,,,
1121,2,249.2,0.507,,,,,
1122,2,347.6,0.505,,,,,
1123,2,172.1,0.504,,,,,
1124,2,181.7,0.503,,,,,
1125,2,222.8,0.503,,,,,
1126,2,189.8,0.502,,,,,
1127,2,223.3,0.501,,,,,
1128,2,225.3,0.501,,,,,
1129,2,145.0,0.5,,,,,
1130,2,127.5,0.5,,,,,
1131,2,282.9,0.499,,,,,
1132,2,134.6,0.497,,,,,
1133,2,247.6,0.496,,,,,
1134,2,168.9,0.496,,,,,
1135,2,117.2,0.495,,,,,
1136,2,194.3,0.495,,,,,
1137,2,132.9,0.495,,,,,
1138,2,188.4,0.494,,,,,
1139,2,248.7,0.493,,,,,
1140,2,291.8,0.493,,,,,
1141,2,256.3,0.492,,,,,
1142,2,133.5,0.491,,,,,
1143,2,203.4,0.49,,,,,
1144,2,184.2,0.489,,,,,
1145,2,299.5,0.488,,,,,
1146,2,235.5,0.487,,,,,
1147,2,180.6,0.486,,,,,
1148,2,256.5,0.486,,,,,
1149,2,212.8,0.486,,,,,
1150,2,163.7,0.484,,,,,
1151,2,190.0,0.484,,,,,
1152,2,288.6,0.484,,,,,
1153,2,234.3,0.484,,,,,
1154,2,130.4,0.483,,,,,
1155,2,160.0,0.483,,,,,
1156,2,168.0,0.483,,,,,
1157,2,136.0,0.482,,,,,
1158,2,407.4,0.481,,,,,
1159,2,206.8,0.479,,,,,
1160,2,175.4,0.479,,,,,
1161,2,228.5,0.479,,,,,
1162,2,262.7,0.479,,,,,
1163,2,330.4,0.478,,,,,
1164,2,224.6,0.478,,,,,
1165,2,270.1,0.478,,,,,
1166,2,148.4,0.477,,,,,
1167,2,295.3,0.477,,,,,
1168,2,239.9,0.477,,,,,
1169,2,488.2,0.477,,,,,
1170,2,253.9,0.476,,,,,
1171,2,118.7,0.475,,,,,
1172,2,178.6,0.475,,,,,
1173,2,347.1,0.475,,,,,
1174,2,179.9,0.474,,,,,
1175,2,165.9,0.472,,,,,
1176,2,229.4,0.472,,,,,
1177,2,102.8,0.47,,,,,
1178,2,181.8,0.47,,,,,
1179,2,176.4,0.47,,,,,
1180,2,289.2,0.469,,,,,
1181,2,185.2,0.468,,,,,
1182,2,215.7,0.467,,,,,
1183,2,285.4,0.467,,,,,
1184,2,356.8,0.465,,,,,
1185,2,119.1,0.464,,,,,
1186,2,334.3,0.463,,,,,
1187,2,252.7,0.463,,,,,
1188,2,218.4,0.461,,,,,
1189,2,211.0,0.459,,,,,
1190,2,209.9,0.459,,,,,
1191,2,233.7,0.459,,,,,
1192,2,169.1,0.459,,,,,
1193,2,181.8,0.459,,,,,
1194,2,205.3,0.459,,,,,
1195,2,192.4,0.459,,,,,
1196,2,159.2,0.458,,,,,
1197,2,198.5,0.457,,,,,
1198,2,293.0,0.457,,,,,
1199,2,324.5,0.456,,,,,
1200,2,110.0,0.455,,,,,
1201,2,245.2,0.455,,,,,
1202,2,106.4,0.455,,,,,
1203,2,254.1,0.455,,,,,
1204,2,123.9,0.454,,,,,
1205,2,263.3,0.454,,,,,
1206,2,115.9,0.453,,,,,
1207,2,298.1,0.452,,,,,
1208,2,139.7,0.451,,,,,
1209,2,163.4,0.45,,,,,
1210,2,199.8,0.448,,,,,
1211,2,246.2,0.448,,,,,
1212,2,223.8,0.448,,,,,
1213,2,218.0,0.448,,,,,
1214,2,208.7,0.445,,,,,
1215,2,133.4,0.445,,,,,
1216,2,142.4,0.445,,,,,
1217,2,88.2,0.444,,,,,
1218,2,321.8,0.444,,,,,
1219,2,272.9,0.444,,,,,
1220,2,143.0,0.443,,,,,
1221,2,211.4,0.441,,,,,
1222,2,210.7,0.441,,,,,
1223,2,267.0,0.44,,,,,
1224,2,168.1,0.439,,,,,
1225,2,143.1,0.438,,,,,
1226,2,128.7,0.437,,,,,
1227,2,177.7,0.437,,,,,
1228,2,178.5,0.437,,,,,
1229,2,205.8,0.436,,,,,
1230,2,205.0,0.436,,,,,
1231,2,178.9,0.436,,,,,
1232,2,155.2,0.436,,,,,
1233,2,288.0,0.436,,,,,
1234,2,255.6,0.435,,,,,
1235,2,116.9,0.433,,,,,
1236,2,312.4,0.433,,,,,
1237,2,209.5,0.432,,,,,
1238,2,174.7,0.432,,,,,
1239,2,131.6,0.431,,,,,
1240,2,245.8,0.431,,,,,
1241,2,171.5,0.431,,,,,
1242,2,108.0,0.429,,,,,
1243,2,184.1,0.425,,,,,
1244,2,180.3,0.424,,,,,
1245,2,197.2,0.424,,,,,
1246,2,263.7,0.423,,,,,
1247,2,133.5,0.422,,,,,
1248,2,149.3,0.421,,,,,
1249,2,181.2,0.419,,,,,
1250,2,123.7,0.415,,,,,
1251,2,192.3,0.413,,,,,
1252,2,160.9,0.413,,,,,
1253,2,252.1,0.412,,,,,
1254,2,215.8,0.412,,,,,
1255,2,190.3,0.412,,,,,
1256,2,114.8,0.411,,,,,
1257,2,256.2,0.409,,,,,
1258,2,184.3,0.409,,,,,
1259,2,243.3,0.408,,,,,
1260,2,211.3,0.407,,,,,
1261,2,164.1,0.407,,,,,
1262,2,164.2,0.407,,,,,
1263,2,153.4,0.407,,,,,
1264,2,240.7,0.407,,,,,
1265,2,162.0,0.406,,,,,
1266,2,92.2,0.404,,,,,
1267,2,143.3,0.402,,,,,
1268,2,143.5,0.401,,,,,
1269,2,143.5,0.398,,,,,
1270,2,290.1,0.397,,,,,
1271,2,114.5,0.397,,,,,
1272,2,203.8,0.396,,,,,
1273,2,222.7,0.395,,,,,
1274,2,233.5,0.393,,,,,
1275,2,125.3,0.392,,,,,
1276,2,207.1,0.392,,,,,
1277,2,293.0,0.392,,,,,
1278,2,503.3,0.392,,,,,
1279,2,154.0,0.391,,,,,
1280,2,274.2,0.39,,,,,
1281,2,328.1,0.389,,,,,
1282,2,234.5,0.388,,,,,
1283,2,160.4,0.388,,,,,
1284,2,120.1,0.387,,,,,
1285,2,170.9,0.386,,,,,
1286,2,275.5,0.384,,,,,
1287,2,273.2,0.384,,,,,
1288,2,419.9,0.383,,,,,
1289,2,168.9,0.383,,,,,
1290,2,193.4,0.383,,,,,
1291,2,202.4,0.383,,,,,
1292,2,188.1,0.382,,,,,
1293,2,129.9,0.382,,,,,
1294,2,126.4,0.382,,,,,
1295,2,197.6,0.381,,,,,
1296,2,143.7,0.379,,,,,
1297,2,208.0,0.379,,,,,
1298,2,110.1,0.379,,,,,
1299,2,104.7,0.379,,,,,
1300,2,213.9,0.378,,,,,
1301,2,120.6,0.378,,,,,
1302,2,225.5,0.378,,,,,
1303,2,191.3,0.377,,,,,
1304,2,136.5,0.376,,,,,
1305,2,111.1,0.376,,,,,
1306,2,176.7,0.376,,,,,
1307,2,107.6,0.375,,,,,
1308,2,123.6,0.375,,,,,
1309,2,170.0,0.373,,,,,
1310,2,207.7,0.373,,,,,
1311,2,171.1,0.373,,,,,
1312,2,137.8,0.372,,,,,
1313,2,121.4,0.371,,,,,
1314,2,214.3,0.37,,,,,
1315,2,137.7,0.37,,,,,
1316,2,154.5,0.369,,,,,
1317,2,156.0,0.369,,,,,
1318,2,153.7,0.367,,,,,
1319,2,271.2,0.367,,,,,
1320,2,103.3,0.367,,,,,
1321,2,140.3,0.366,,,,,
1322,2,175.0,0.365,,,,,
1323,2,131.1,0.365,,,,,
1324,2,120.1,0.365,,,,,
1325,2,132.4,0.364,,,,,
1326,2,149.4,0.364,,,,,
1327,2,249.7,0.363,,,,,
1328,2,250.8,0.362,,,,,
1329,2,155.1,0.362,,,,,
1330,2,173.6,0.362,,,,,
1331,2,191.3,0.361,,,,,
1332,2,116.3,0.36,,,,,
1333,2,159.7,0.359,,,,,
1334,2,117.3,0.358,,,,,
1335,2,127.1,0.358,,,,,
1336,2,205.2,0.357,,,,,
1337,2,183.3,0.356,,,,,
1338,2,233.4,0.356,,,,,
1339,2,130.0,0.356,,,,,
1340,2,259.4,0.353,,,,,
1341,2,123.6,0.35,,,,,
1342,2,189.0,0.349,,,,,
1343,2,271.4,0.346,,,,,
1344,2,196.2,0.346,,,,,
1345,2,173.4,0.346,,,,,
1346,2,180.0,0.344,,,,,
1347,2,121.7,0.344,,,,,
1348,2,350.0,0.342,,,,,
1349,2,176.2,0.342,,,,,
1350,2,148.6,0.341,,,,,
1351,2,204.2,0.341,,,,,
1352,2,193.4,0.34,,,,,
1353,2,161.4,0.34,,,,,
1354,2,261.2,0.338,,,,,
1355,2,134.6,0.338,,,,,
1356,2,141.6,0.336,,,,,
1357,2,112.4,0.336,,,,,
1358,2,92.9,0.335,,,,,
1359,2,101.7,0.334,,,,,
1360,2,425.5,0.334,,,,,
1361,2,151.7,0.33,,,,,
1362,2,214.8,0.329,,,,,
1363,2,126.1,0.327,,,,,
1364,2,186.3,0.327,,,,,
1365,2,185.5,0.326,,,,,
1366,2,170.0,0.326,,,,,
1367,2,203.4,0.326,,,,,
1368,2,154.4,0.325,,,,,
1369,2,261.3,0.324,,,,,
1370,2,86.2,0.324,,,,,
1371,2,221.5,0.323,,,,,
1372,2,189.2,0.323,,,,,
1373,2,176.9,0.323,,,,,
1374,2,97.7,0.321,,,,,
1375,2,97.8,0.317,,,,,
1376,2,367.3,0.317,,,,,
1377,2,194.1,0.316,,,,,
1378,2,150.8,0.314,,,,,
1379,2,210.7,0.313,,,,,
1380,2,203.7,0.313,,,,,
1381,2,255.3,0.312,,,,,
1382,2,128.8,0.312,,,,,
1383,2,91.7,0.308,,,,,
1384,2,215.7,0.307,,,,,
1385,2,341.0,0.307,,,,,
1386,2,105.6,0.306,,,,,
1387,2,229.4,0.304,,,,,
1388,2,193.6,0.302,,,,,
1389,2,201.4,0.301,,,,,
1390,3,376.4,0.859,,,,,
1391,3,180.7,0.845,,,,,
1392,3,194.8,0.813,,,,,
1393,3,231.8,0.812,,,,,
1394,3,252.4,0.81,,,,,
1395,3,257.4,0.804,,,,,
1396,3,192.7,0.801,,,,,
1397,3,178.6,0.795,,,,,
1398,3,169.6,0.794,,,,,
1399,3,256.1,0.794,,,,,
1400,3,126.5,0.782,,,,,
1401,3,283.2,0.769,,,,,
1402,3,225.8,0.767,,,,,
1403,3,281.4,0.762,,,,,
1404,3,182.4,0.761,,,,,
1405,3,297.3,0.761,,,,,
1406,3,214.7,0.759,,,,,
1407,3,176.6,0.759,,,,,
1408,3,214.3,0.758,,,,,
1409,3,224.8,0.752,,,,,
1410,3,209.8,0.752,,,,,
1411,3,210.4,0.749,,,,,
1412,3,180.9,0.748,,,,,
1413,3,221.9,0.748,,,,,
1414,3,193.7,0.747,,,,,
1415,3,245.4,0.745,,,,,
1416,3,198.6,0.742,,,,,
1417,3,267.8,0.741,,,,,
1418,3,489.5,0.741,,,,,
1419,3,205.3,0.739,,,,,
1420,3,238.1,0.738,,,,,
1421,3,357.9,0.738,,,,,
1422,3,154.7,0.737,,,,,
1423,3,279.9,0.736,,,,,
1424,3,342.3,0.736,,,,,
1425,3,304.7,0.734,,,,,
1426,3,213.8,0.734,,,,,
1427,3,138.8,0.733,,,,,
1428,3,199.6,0.733,,,,,
1429,3,246.3,0.729,,,,,
1430,3,267.7,0.727,,,,,
1431,3,178.8,0.727,,,,,
1432,3,138.4,0.725,,,,,
1433,3,195.5,0.72,,,,,
1434,3,233.5,0.718,,,,,
1435,3,186.9,0.717,,,,,
1436,3,200.9,0.715,,,,,
1437,3,189.0,0.714,,,,,
1438,3,204.3,0.714,,,,,
1439,3,137.7,0.714,,,,,
1440,3,278.0,0.713,,,,,
1441,3,162.6,0.712,,,,,
1442,3,230.8,0.712,,,,,
1443,3,197.2,0.711,,,,,
1444,3,188.0,0.711,,,,,
1445,3,322.0,0.711,,,,,
1446,3,178.4,0.71,,,,,
1447,3,199.3,0.709,,,,,
1448,3,203.5,0.709,,,,,
1449,3,161.2,0.709,,,,,
1450,3,230.1,0.707,,,,,
1451,3,206.1,0.705,,,,,
1452,3,176.5,0.704,,,,,
1453,3,355.4,0.703,,,,,
1454,3,173.3,0.701,,,,,
1455,3,154.9,0.7,,,,,
1456,3,195.9,0.698,,,,,
1457,3,303.1,0.698,,,,,
1458,3,234.0,0.697,,,,,
1459,3,133.5,0.697,,,,,
1460,3,192.4,0.696,,,,,
1461,3,162.5,0.696,,,,,
1462,3,166.9,0.696,,,,,
1463,3,179.8,0.695,,,,,
1464,3,209.2,0.694,,,,,
1465,3,194.6,0.693,,,,,
1466,3,197.0,0.692,,,,,
1467,3,295.6,0.692,,,,,
1468,3,166.1,0.691,,,,,
1469,3,141.7,0.691,,,,,
1470,3,301.5,0.691,,,,,
1471,3,281.8,0.688,,,,,
1472,3,178.8,0.688,,,,,
1473,3,272.8,0.688,,,,,
1474,3,263.6,0.686,,,,,
1475,3,197.9,0.686,,,,,
1476,3,167.4,0.684,,,,,
1477,3,241.8,0.684,,,,,
1478,3,461.8,0.684,,,,,
1479,3,254.9,0.683,,,,,
1480,3,154.7,0.683,,,,,
1481,3,243.9,0.683,,,,,
1482,3,143.5,0.682,,,,,
1483,3,322.5,0.682,,,,,
1484,3,169.6,0.681,,,,,
1485,3,276.9,0.68,,,,,
1486,3,195.6,0.68,,,,,
1487,3,251.8,0.68,,,,,
1488,3,170.0,0.679,,,,,
1489,3,151.4,0.678,,,,,
1490,3,240.4,0.676,,,,,
1491,3,203.6,0.674,,,,,
1492,3,322.6,0.673,,,,,
1493,3,139.0,0.672,,,,,
1494,3,153.9,0.672,,,,,
1495,3,182.6,0.671,,,,,
1496,3,185.0,0.671,,,,,
1497,3,214.8,0.669,,,,,
1498,3,185.2,0.668,,,,,
1499,3,184.1,0.668,,,,,
1500,3,156.5,0.668,,,,,
1501,3,164.4,0.668,,,,,
1502,3,191.9,0.668,,,,,
1503,3,212.1,0.667,,,,,
1504,3,186.0,0.666,,,,,
1505,3,163.0,0.664,,,,,
1506,3,159.0,0.664,,,,,
1507,3,171.1,0.664,,,,,
1508,3,151.7,0.663,,,,,
1509,3,242.1,0.663,,,,,
1510,3,236.7,0.662,,,,,
1511,3,220.1,0.661,,,,,
1512,3,140.0,0.661,,,,,
1513,3,143.6,0.661,,,,,
1514,3,183.6,0.659,,,,,
1515,3,391.0,0.656,,,,,
1516,3,193.1,0.654,,,,,
1517,3,190.3,0.652,,,,,
1518,3,171.2,0.651,,,,,
1519,3,150.0,0.651,,,,,
1520,3,194.1,0.65,,,,,
1521,3,158.0,0.648,,,,,
1522,3,190.6,0.647,,,,,
1523,3,235.3,0.646,,,,,
1524,3,145.8,0.646,,,,,
1525,3,350.0,0.646,,,,,
1526,3,223.5,0.645,,,,,
1527,3,203.6,0.645,,,,,
1528,3,282.2,0.643,,,,,
1529,3,140.3,0.642,,,,,
1530,3,154.9,0.641,,,,,
1531,3,240.9,0.64,,,,,
1532,3,202.9,0.638,,,,,
1533,3,177.9,0.637,,,,,
1534,3,228.9,0.636,,,,,
1535,3,299.8,0.635,,,,,
1536,3,225.3,0.635,,,,,
1537,3,314.5,0.634,,,,,
1538,3,354.2,0.633,,,,,
1539,3,243.1,0.629,,,,,
1540,3,233.6,0.628,,,,,
1541,3,263.1,0.628,,,,,
1542,3,266.9,0.627,,,,,
1543,3,304.4,0.626,,,,,
1544,3,351.1,0.626,,,,,
1545,3,237.8,0.625,,,,,
1546,3,251.4,0.624,,,,,
1547,3,363.3,0.623,,,,,
1548,3,288.0,0.623,,,,,
1549,3,390.2,0.622,,,,,
1550,3,244.8,0.62,,,,,
1551,3,136.1,0.619,,,,,
1552,3,335.1,0.616,,,,,
1553,3,322.5,0.616,,,,,
1554,3,252.2,0.615,,,,,
1555,3,151.0,0.614,,,,,
1556,3,175.0,0.614,,,,,
1557,3,158.0,0.612,,,,,
1558,3,380.4,0.612,,,,,
1559,3,328.5,0.612,,,,,
1560,3,266.2,0.611,,,,,
1561,3,155.0,0.611,,,,,
1562,3,147.2,0.61,,,,,
1563,3,226.2,0.61,,,,,
1564,3,297.6,0.61,,,,,
1565,3,145.9,0.609,,,,,
1566,3,293.0,0.609,,,,,
1567,3,138.9,0.608,,,,,
1568,3,135.4,0.608,,,,,
1569,3,151.0,0.607,,,,,
1570,3,175.6,0.607,,,,,
1571,3,246.5,0.607,,,,,
1572,3,150.5,0.606,,,,,
1573,3,139.0,0.606,,,,,
1574,3,224.3,0.606,,,,,
1575,3,156.6,0.606,,,,,
1576,3,129.7,0.605,,,,,
1577,3,179.3,0.604,,,,,
1578,3,307.9,0.604,,,,,
1579,3,187.3,0.603,,,,,
1580,3,160.3,0.602,,,,,
1581,3,171.6,0.602,,,,,
1582,3,209.2,0.602,,,,,
1583,3,253.1,0.601,,,,,
1584,3,211.6,0.6,,,,,
1585,3,152.6,0.6,,,,,
1586,3,206.4,0.6,,,,,
1587,3,273.8,0.598,,,,,
1588,3,143.9,0.597,,,,,
1589,3,194.2,0.596,,,,,
1590,3,322.4,0.596,,,,,
1591,3,229.4,0.595,,,,,
1592,3,342.9,0.595,,,,,
1593,3,176.3,0.594,,,,,
1594,3,149.3,0.594,,,,,
1595,3,145.8,0.593,,,,,
1596,3,138.3,0.593,,,,,
1597,3,256.7,0.592,,,,,
1598,3,127.4,0.592,,,,,
1599,3,165.8,0.591,,,,,
1600,3,159.5,0.591,,,,,
1601,3,194.6,0.591,,,,,
1602,3,153.9,0.591,,,,,
1603,3,193.1,0.59,,,,,
1604,3,237.7,0.59,,,,,
1605,3,220.6,0.587,,,,,
1606,3,211.5,0.586,,,,,
1607,3,156.8,0.586,,,,,
1608,3,276.2,0.585,,,,,
1609,3,152.5,0.585,,,,,
1610,3,364.8,0.584,,,,,
1611,3,361.0,0.584,,,,,
1612,3,220.3,0.582,,,,,
1613,3,328.9,0.58,,,,,
1614,3,196.6,0.58,,,,,
1615,3,281.9,0.58,,,,,
1616,3,180.1,0.579,,,,,
1617,3,160.1,0.579,,,,,
1618,3,111.1,0.578,,,,,
1619,3,180.5,0.578,,,,,
1620,3,147.1,0.578,,,,,
1621,3,167.5,0.578,,,,,
1622,3,174.1,0.578,,,,,
1623,3,160.3,0.577,,,,,
1624,3,150.2,0.577,,,,,
1625,3,164.7,0.577,,,,,
1626,3,295.8,0.576,,,,,
1627,3,324.0,0.575,,,,,
1628,3,158.7,0.575,,,,,
1629,3,209.1,0.573,,,,,
1630,3,217.8,0.572,,,,,
1631,3,209.4,0.572,,,,,
1632,3,199.8,0.571,,,,,
1633,3,239.3,0.57,,,,,
1634,3,144.4,0.57,,,,,
1635,3,130.7,0.569,,,,,
1636,3,200.7,0.568,,,,,
1637,3,146.9,0.568,,,,,
1638,3,152.0,0.568,,,,,
1639,3,270.8,0.567,,,,,
1640,3,168.6,0.567,,,,,
1641,3,218.9,0.567,,,,,
1642,3,112.4,0.565,,,,,
1643,3,167.4,0.564,,,,,
1644,3,185.8,0.564,,,,,
1645,3,243.1,0.564,,,,,
1646,3,320.6,0.563,,,,,
1647,3,167.5,0.563,,,,,
1648,3,263.8,0.563,,,,,
1649,3,171.1,0.562,,,,,
1650,3,116.1,0.561,,,,,
1651,3,376.5,0.561,,,,,
1652,3,420.5,0.56,,,,,
1653,3,214.6,0.56,,,,,
1654,3,213.4,0.558,,,,,
1655,3,135.5,0.557,,,,,
1656,3,283.6,0.557,,,,,
1657,3,152.1,0.557,,,,,
1658,3,155.3,0.556,,,,,
1659,3,212.4,0.556,,,,,
1660,3,126.9,0.556,,,,,
1661,3,163.1,0.556,,,,,
1662,3,187.4,0.555,,,,,
1663,3,149.8,0.554,,,,,
1664,3,295.3,0.553,,,,,
1665,3,169.7,0.552,,,,,
1666,3,232.1,0.552,,,,,
1667,3,295.6,0.551,,,,,
1668,3,144.0,0.549,,,,,
1669,3,193.2,0.549,,,,,
1670,3,268.0,0.549,,,,,
1671,3,146.8,0.548,,,,,
1672,3,156.0,0.547,,,,,
1673,3,182.7,0.547,,,,,
1674,3,177.5,0.547,,,,,
1675,3,198.9,0.547,,,,,
1676,3,292.5,0.545,,,,,
1677,3,289.2,0.544,,,,,
1678,3,223.6,0.544,,,,,
1679,3,202.5,0.54,,,,,
1680,3,206.5,0.54,,,,,
1681,3,260.5,0.538,,,,,
1682,3,193.9,0.537,,,,,
1683,3,193.1,0.537,,,,,
1684,3,216.0,0.536,,,,,
1685,3,167.3,0.535,,,,,
1686,3,137.9,0.534,,,,,
1687,3,193.5,0.534,,,,,
1688,3,194.0,0.533,,,,,
1689,3,132.0,0.533,,,,,
1690,3,130.6,0.533,,,,,
1691,3,221.1,0.533,,,,,
1692,3,329.7,0.532,,,,,
1693,3,165.0,0.532,,,,,
1694,3,195.6,0.53,,,,,
1695,3,151.7,0.529,,,,,
1696,3,150.6,0.529,,,,,
1697,3,188.1,0.529,,,,,
1698,3,200.8,0.528,,,,,
1699,3,122.5,0.526,,,,,
1700,3,366.1,0.526,,,,,
1701,3,162.3,0.525,,,,,
1702,3,206.2,0.524,,,,,
1703,3,202.8,0.521,,,,,
1704,3,168.5,0.519,,,,,
1705,3,210.1,0.519,,,,,
1706,3,253.5,0.518,,,,,
1707,3,222.7,0.518,,,,,
1708,3,177.0,0.517,,,,,
1709,3,237.5,0.516,,,,,
1710,3,200.4,0.516,,,,,
1711,3,194.9,0.516,,,,,
1712,3,169.9,0.516,,,,,
1713,3,110.1,0.515,,,,,
1714,3,208.6,0.515,,,,,
1715,3,278.2,0.514,,,,,
1716,3,150.5,0.513,,,,,
1717,3,214.0,0.511,,,,,
1718,3,164.5,0.511,,,,,
1719,3,200.4,0.51,,,,,
1720,3,206.6,0.51,,,,,
1721,3,132.2,0.509,,,,,
1722,3,127.9,0.506,,,,,
1723,3,172.0,0.505,,,,,
1724,3,165.9,0.505,,,,,
1725,3,168.5,0.504,,,,,
1726,3,182.7,0.503,,,,,
1727,3,115.3,0.503,,,,,
1728,3,251.9,0.503,,,,,
1729,3,276.9,0.501,,,,,
1730,3,220.6,0.501,,,,,
1731,3,198.0,0.5,,,,,
1732,3,144.6,0.5,,,,,
1733,3,356.5,0.5,,,,,
1734,3,139.1,0.498,,,,,
1735,3,122.3,0.497,,,,,
1736,3,163.7,0.496,,,,,
1737,3,206.8,0.494,,,,,
1738,3,199.4,0.494,,,,,
1739,3,112.2,0.494,,,,,
1740,3,120.7,0.494,,,,,
1741,3,203.2,0.493,,,,,
1742,3,224.3,0.493,,,,,
1743,3,158.7,0.493,,,,,
1744,3,276.7,0.492,,,,,
1745,3,258.9,0.492,,,,,
1746,3,271.9,0.491,,,,,
1747,3,278.9,0.49,,,,,
1748,3,231.7,0.489,,,,,
1749,3,189.7,0.487,,,,,
1750,3,264.1,0.486,,,,,
1751,3,217.9,0.486,,,,,
1752,3,140.0,0.485,,,,,
1753,3,140.3,0.483,,,,,
1754,3,125.1,0.483,,,,,
1755,3,193.8,0.482,,,,,
1756,3,163.6,0.481,,,,,
1757,3,288.0,0.479,,,,,
1758,3,165.3,0.478,,,,,
1759,3,227.8,0.477,,,,,
1760,3,173.2,0.475,,,,,
1761,3,129.1,0.475,,,,,
1762,3,197.5,0.475,,,,,
1763,3,255.3,0.474,,,,,
1764,3,120.6,0.472,,,,,
1765,3,200.1,0.472,,,,,
1766,3,148.7,0.471,,,,,
1767,3,191.1,0.471,,,,,
1768,3,209.0,0.47,,,,,
1769,3,153.7,0.47,,,,,
1770,3,228.1,0.468,,,,,
1771,3,304.2,0.468,,,,,
1772,3,259.7,0.465,,,,,
1773,3,223.7,0.464,,,,,
1774,3,146.1,0.464,,,,,
1775,3,156.0,0.464,,,,,
1776,3,186.0,0.464,,,,,
1777,3,155.6,0.463,,,,,
1778,3,247.0,0.463,,,,,
1779,3,190.8,0.462,,,,,
1780,3,158.5,0.462,,,,,
1781,3,127.9,0.461,,,,,
1782,3,200.0,0.459,,,,,
1783,3,282.3,0.459,,,,,
1784,3,101.9,0.457,,,,,
1785,3,144.5,0.457,,,,,
1786,3,163.9,0.455,,,,,
1787,3,215.2,0.454,,,,,
1788,3,253.7,0.451,,,,,
1789,3,156.2,0.451,,,,,
1790,3,94.2,0.45,,,,,
1791,3,225.7,0.45,,,,,
1792,3,200.8,0.449,,,,,
1793,3,276.2,0.448,,,,,
1794,3,163.3,0.448,,,,,
1795,3,168.2,0.447,,,,,
1796,3,124.9,0.446,,,,,
1797,3,287.5,0.446,,,,,
1798,3,171.4,0.444,,,,,
1799,3,284.9,0.444,,,,,
1800,3,181.9,0.442,,,,,
1801,3,191.6,0.442,,,,,
1802,3,145.2,0.441,,,,,
1803,3,173.1,0.439,,,,,
1804,3,198.1,0.439,,,,,
1805,3,251.7,0.437,,,,,
1806,3,193.2,0.436,,,,,
1807,3,219.6,0.435,,,,,
1808,3,121.0,0.434,,,,,
1809,3,205.1,0.434,,,,,
1810,3,237.2,0.433,,,,,
1811,3,250.0,0.432,,,,,
1812,3,139.2,0.432,,,,,
1813,3,220.1,0.432,,,,,
1814,3,114.2,0.431,,,,,
1815,3,244.2,0.429,,,,,
1816,3,185.6,0.428,,,,,
1817,3,153.4,0.428,,,,,
1818,3,218.1,0.428,,,,,
1819,3,200.0,0.427,,,,,
1820,3,103.1,0.426,,,,,
1821,3,205.1,0.425,,,,,
1822,3,116.6,0.425,,,,,
1823,3,143.5,0.423,,,,,
1824,3,213.6,0.422,,,,,
1825,3,75.1,0.421,,,,,
1826,3,196.0,0.421,,,,,
1827,3,137.6,0.418,,,,,
1828,3,120.5,0.416,,,,,
1829,3,225.7,0.416,,,,,
1830,3,325.6,0.416,,,,,
1831,3,255.3,0.416,,,,,
1832,3,290.5,0.415,,,,,
1833,3,153.8,0.414,,,,,
1834,3,178.3,0.414,,,,,
1835,3,116.8,0.414,,,,,
1836,3,330.0,0.412,,,,,
1837,3,184.0,0.411,,,,,
1838,3,248.9,0.411,,,,,
1839,3,298.9,0.408,,,,,
1840,3,225.5,0.408,,,,,
1841,3,154.2,0.406,,,,,
1842,3,156.1,0.406,,,,,
1843,3,207.4,0.406,,,,,
1844,3,242.6,0.405,,,,,
1845,3,223.6,0.403,,,,,
1846,3,240.3,0.4,,,,,
1847,3,254.9,0.398,,,,,
1848,3,104.1,0.396,,,,,
1849,3,166.8,0.396,,,,,
1850,3,151.8,0.395,,,,,
1851,3,240.8,0.394,,,,,
1852,3,239.3,0.394,,,,,
1853,3,224.2,0.394,,,,,
1854,3,265.5,0.394,,,,,
1855,3,682.5,0.393,,,,,
1856,3,140.8,0.393,,,,,
1857,3,120.9,0.392,,,,,
1858,3,245.1,0.392,,,,,
1859,3,225.3,0.39,,,,,
1860,3,168.5,0.39,,,,,
1861,3,284.4,0.389,,,,,
1862,3,177.9,0.388,,,,,
1863,3,123.1,0.387,,,,,
1864,3,127.1,0.386,,,,,
1865,3,175.3,0.386,,,,,
1866,3,212.0,0.382,,,,,
1867,3,381.7,0.382,,,,,
1868,3,129.1,0.381,,,,,
1869,3,205.8,0.379,,,,,
1870,3,170.6,0.378,,,,,
1871,3,118.2,0.378,,,,,
1872,3,173.8,0.375,,,,,
1873,3,283.5,0.374,,,,,
1874,3,281.4,0.374,,,,,
1875,3,217.4,0.374,,,,,
1876,3,157.5,0.374,,,,,
1877,3,279.5,0.373,,,,,
1878,3,247.0,0.373,,,,,
1879,3,263.6,0.372,,,,,
1880,3,253.3,0.371,,,,,
1881,3,171.5,0.37,,,,,
1882,3,208.4,0.369,,,,,
1883,3,172.5,0.369,,,,,
1884,3,128.1,0.367,,,,,
1885,3,171.2,0.367,,,,,
1886,3,174.3,0.365,,,,,
1887,3,137.3,0.363,,,,,
1888,3,109.5,0.363,,,,,
1889,3,204.4,0.362,,,,,
1890,3,246.2,0.362,,,,,
1891,3,189.2,0.359,,,,,
1892,3,179.2,0.358,,,,,
1893,3,212.7,0.358,,,,,
1894,3,210.2,0.358,,,,,
1895,3,130.8,0.357,,,,,
1896,3,154.8,0.355,,,,,
1897,3,133.7,0.355,,,,,
1898,3,163.3,0.354,,,,,
1899,3,259.8,0.354,,,,,
1900,3,110.0,0.353,,,,,
1901,3,273.2,0.353,,,,,
1902,3,205.2,0.353,,,,,
1903,3,190.8,0.352,,,,,
1904,3,160.9,0.352,,,,,
1905,3,152.8,0.351,,,,,
1906,3,240.3,0.35,,,,,
1907,3,215.6,0.348,,,,,
1908,3,195.9,0.344,,,,,
1909,3,210.6,0.344,,,,,
1910,3,142.8,0.343,,,,,
1911,3,257.9,0.342,,,,,
1912,3,156.5,0.342,,,,,
1913,3,158.5,0.341,,,,,
1914,3,107.9,0.338,,,,,
1915,3,207.8,0.338,,,,,
1916,3,123.5,0.338,,,,,
1917,3,127.9,0.337,,,,,
1918,3,84.4,0.336,,,,,
1919,3,122.4,0.334,,,,,
1920,3,142.8,0.333,,,,,
1921,3,187.3,0.332,,,,,
1922,3,272.3,0.332,,,,,
1923,3,260.8,0.33,,,,,
1924,3,235.8,0.33,,,,,
1925,3,112.4,0.327,,,,,
1926,3,143.8,0.326,,,,,
1927,3,246.6,0.325,,,,,
1928,3,200.1,0.325,,,,,
1929,3,257.5,0.324,,,,,
1930,3,171.3,0.322,,,,,
1931,3,240.4,0.321,,,,,
1932,3,150.9,0.32,,,,,
1933,3,332.1,0.319,,,,,
1934,3,284.2,0.317,,,,,
1935,3,260.7,0.316,,,,,
1936,3,148.6,0.316,,,,,
1937,3,332.7,0.315,,,,,
1938,3,149.0,0.314,,,,,
1939,3,125.9,0.314,,,,,
1940,3,159.4,0.312,,,,,
1941,3,149.9,0.311,,,,,
1942,3,205.8,0.309,,,,,
1943,3,244.9,0.309,,,,,
1944,3,211.9,0.307,,,,,
1945,3,200.6,0.306,,,,,
1946,3,138.2,0.306,,,,,
1947,3,226.7,0.305,,,,,
1948,3,216.4,0.305,,,,,
1949,3,275.9,0.305,,,,,
1950,3,294.7,0.304,,,,,
1951,3,213.6,0.303,,,,,
1952,3,215.4,0.301,,,,,
1953,4,206.5,0.831,,,,,
1954,4,246.0,0.817,,,,,
1955,4,168.5,0.803,,,,,
1956,4,205.4,0.792,,,,,
1957,4,337.2,0.785,,,,,
1958,4,237.4,0.782,,,,,
1959,4,170.7,0.772,,,,,
1960,4,241.8,0.764,,,,,
1961,4,285.8,0.759,,,,,
1962,4,229.3,0.751,,,,,
1963,4,382.3,0.75,,,,,
1964,4,181.0,0.748,,,,,
1965,4,135.1,0.746,,,,,
1966,4,246.5,0.745,,,,,
1967,4,172.7,0.739,,,,,
1968,4,200.2,0.733,,,,,
1969,4,253.3,0.733,,,,,
1970,4,180.1,0.729,,,,,
1971,4,353.5,0.728,,,,,
1972,4,208.0,0.722,,,,,
1973,4,251.5,0.713,,,,,
1974,4,199.7,0.712,,,,,
1975,4,151.6,0.711,,,,,
1976,4,185.9,0.707,,,,,
1977,4,191.4,0.705,,,,,
1978,4,201.3,0.704,,,,,
1979,4,192.1,0.704,,,,,
1980,4,156.7,0.703,,,,,
1981,4,150.2,0.703,,,,,
1982,4,137.5,0.7,,,,,
1983,4,191.4,0.699,,,,,
1984,4,262.4,0.699,,,,,
1985,4,182.0,0.697,,,,,
1986,4,235.9,0.689,,,,,
1987,4,324.1,0.684,,,,,
1988,4,211.2,0.683,,,,,
1989,4,173.8,0.68,,,,,
1990,4,177.1,0.677,,,,,
1991,4,185.3,0.675,,,,,
1992,4,172.8,0.672,,,,,
1993,4,142.8,0.671,,,,,
1994,4,147.8,0.671,,,,,
1995,4,198.2,0.67,,,,,
1996,4,138.6,0.669,,,,,
1997,4,180.8,0.668,,,,,
1998,4,170.7,0.662,,,,,
1999,4,206.4,0.661,,,,,
2000,4,302.6,0.661,,,,,
2001,4,196.9,0.66,,,,,
2002,4,165.0,0.66,,,,,
2003,4,182.5,0.66,,,,,
2004,4,183.7,0.658,,,,,
2005,4,141.3,0.654,,,,,
2006,4,137.9,0.652,,,,,
2007,4,120.6,0.65,,,,,
2008,4,254.2,0.644,,,,,
2009,4,144.1,0.636,,,,,
2010,4,248.5,0.634,,,,,
2011,4,143.9,0.633,,,,,
2012,4,274.1,0.631,,,,,
2013,4,243.3,0.63,,,,,
2014,4,141.5,0.628,,,,,
2015,4,224.9,0.626,,,,,
2016,4,152.4,0.625,,,,,
2017,4,348.6,0.624,,,,,
2018,4,316.5,0.623,,,,,
2019,4,140.0,0.622,,,,,
2020,4,163.1,0.621,,,,,
2021,4,202.1,0.618,,,,,
2022,4,106.8,0.617,,,,,
2023,4,161.3,0.615,,,,,
2024,4,381.0,0.613,,,,,
2025,4,181.4,0.61,,,,,
2026,4,208.5,0.609,,,,,
2027,4,209.4,0.608,,,,,
2028,4,272.7,0.606,,,,,
2029,4,165.0,0.605,,,,,
2030,4,244.0,0.605,,,,,
2031,4,202.8,0.605,,,,,
2032,4,212.8,0.604,,,,,
2033,4,196.1,0.604,,,,,
2034,4,193.0,0.604,,,,,
2035,4,106.3,0.604,,,,,
2036,4,185.1,0.603,,,,,
2037,4,176.6,0.603,,,,,
2038,4,303.0,0.601,,,,,
2039,4,149.0,0.601,,,,,
2040,4,147.3,0.601,,,,,
2041,4,248.3,0.597,,,,,
2042,4,240.3,0.597,,,,,
2043,4,120.1,0.596,,,,,
2044,4,299.0,0.596,,,,,
2045,4,148.1,0.594,,,,,
2046,4,156.2,0.594,,,,,
2047,4,374.5,0.594,,,,,
2048,4,324.8,0.592,,,,,
2049,4,165.0,0.591,,,,,
2050,4,149.5,0.591,,,,,
2051,4,173.4,0.59,,,,,
2052,4,197.9,0.588,,,,,
2053,4,153.2,0.587,,,,,
2054,4,192.8,0.586,,,,,
2055,4,378.0,0.586,,,,,
2056,4,124.4,0.585,,,,,
2057,4,179.5,0.585,,,,,
2058,4,145.5,0.582,,,,,
2059,4,197.2,0.581,,,,,
2060,4,109.1,0.581,,,,,
2061,4,200.4,0.58,,,,,
2062,4,228.1,0.579,,,,,
2063,4,133.5,0.577,,,,,
2064,4,149.5,0.577,,,,,
2065,4,150.0,0.576,,,,,
2066,4,407.8,0.575,,,,,
2067,4,166.2,0.575,,,,,
2068,4,160.0,0.575,,,,,
2069,4,213.1,0.574,,,,,
2070,4,146.4,0.574,,,,,
2071,4,171.5,0.574,,,,,
2072,4,223.7,0.572,,,,,
2073,4,197.3,0.572,,,,,
2074,4,167.3,0.572,,,,,
2075,4,121.7,0.57,,,,,
2076,4,292.0,0.569,,,,,
2077,4,152.0,0.569,,,,,
2078,4,291.2,0.569,,,,,
2079,4,179.5,0.568,,,,,
2080,4,204.8,0.568,,,,,
2081,4,163.2,0.567,,,,,
2082,4,339.3,0.566,,,,,
2083,4,337.5,0.566,,,,,
2084,4,190.5,0.565,,,,,
2085,4,144.3,0.564,,,,,
2086,4,329.1,0.564,,,,,
2087,4,189.9,0.563,,,,,
2088,4,130.1,0.563,,,,,
2089,4,197.0,0.562,,,,,
2090,4,276.1,0.562,,,,,
2091,4,230.2,0.562,,,,,
2092,4,140.3,0.562,,,,,
2093,4,258.9,0.561,,,,,
2094,4,146.7,0.561,,,,,
2095,4,157.1,0.56,,,,,
2096,4,157.8,0.56,,,,,
2097,4,136.0,0.56,,,,,
2098,4,183.3,0.559,,,,,
2099,4,161.4,0.558,,,,,
2100,4,380.6,0.557,,,,,
2101,4,285.3,0.556,,,,,
2102,4,176.6,0.556,,,,,
2103,4,142.4,0.555,,,,,
2104,4,152.1,0.555,,,,,
2105,4,175.8,0.554,,,,,
2106,4,140.7,0.552,,,,,
2107,4,229.4,0.549,,,,,
2108,4,219.1,0.546,,,,,
2109,4,159.6,0.542,,,,,
2110,4,286.6,0.542,,,,,
2111,4,254.2,0.541,,,,,
2112,4,168.9,0.541,,,,,
2113,4,204.1,0.541,,,,,
2114,4,200.2,0.539,,,,,
2115,4,145.3,0.539,,,,,
2116,4,112.6,0.538,,,,,
2117,4,174.9,0.538,,,,,
2118,4,271.3,0.537,,,,,
2119,4,285.4,0.537,,,,,
2120,4,117.4,0.537,,,,,
2121,4,303.7,0.537,,,,,
2122,4,184.3,0.535,,,,,
2123,4,178.2,0.533,,,,,
2124,4,279.9,0.532,,,,,
2125,4,217.3,0.531,,,,,
2126,4,144.4,0.53,,,,,
2127,4,106.1,0.528,,,,,
2128,4,181.8,0.527,,,,,
2129,4,181.8,0.526,,,,,
2130,4,168.6,0.524,,,,,
2131,4,179.0,0.523,,,,,
2132,4,147.8,0.523,,,,,
2133,4,197.5,0.522,,,,,
2134,4,187.7,0.52,,,,,
2135,4,87.7,0.52,,,,,
2136,4,186.7,0.52,,,,,
2137,4,186.2,0.519,,,,,
2138,4,205.1,0.518,,,,,
2139,4,166.9,0.517,,,,,
2140,4,181.7,0.516,,,,,
2141,4,149.1,0.515,,,,,
2142,4,226.7,0.515,,,,,
2143,4,149.5,0.515,,,,,
2144,4,228.2,0.514,,,,,
2145,4,150.0,0.513,,,,,
2146,4,187.4,0.513,,,,,
2147,4,204.9,0.51,,,,,
2148,4,226.2,0.509,,,,,
2149,4,145.3,0.509,,,,,
2150,4,274.6,0.509,,,,,
2151,4,147.5,0.508,,,,,
2152,4,103.9,0.508,,,,,
2153,4,284.6,0.507,,,,,
2154,4,187.7,0.506,,,,,
2155,4,211.9,0.505,,,,,
2156,4,153.5,0.505,,,,,
2157,4,111.8,0.504,,,,,
2158,4,190.2,0.503,,,,,
2159,4,173.4,0.503,,,,,
2160,4,149.7,0.498,,,,,
2161,4,255.4,0.497,,,,,
2162,4,165.8,0.496,,,,,
2163,4,217.7,0.495,,,,,
2164,4,254.8,0.494,,,,,
2165,4,135.3,0.494,,,,,
2166,4,278.5,0.494,,,,,
2167,4,127.9,0.49,,,,,
2168,4,107.3,0.49,,,,,
2169,4,121.2,0.489,,,,,
2170,4,273.5,0.489,,,,,
2171,4,297.0,0.488,,,,,
2172,4,128.5,0.487,,,,,
2173,4,147.7,0.487,,,,,
2174,4,239.5,0.485,,,,,
2175,4,182.1,0.483,,,,,
2176,4,199.3,0.482,,,,,
2177,4,104.5,0.48,,,,,
2178,4,165.0,0.478,,,,,
2179,4,409.0,0.477,,,,,
2180,4,386.6,0.476,,,,,
2181,4,124.4,0.476,,,,,
2182,4,143.3,0.475,,,,,
2183,4,270.4,0.473,,,,,
2184,4,262.5,0.473,,,,,
2185,4,177.6,0.472,,,,,
2186,4,180.1,0.472,,,,,
2187,4,102.5,0.472,,,,,
2188,4,205.7,0.471,,,,,
2189,4,109.6,0.471,,,,,
2190,4,245.4,0.471,,,,,
2191,4,171.3,0.469,,,,,
2192,4,177.5,0.467,,,,,
2193,4,210.4,0.467,,,,,
2194,4,145.5,0.467,,,,,
2195,4,132.9,0.466,,,,,
2196,4,153.3,0.465,,,,,
2197,4,244.8,0.462,,,,,
2198,4,296.6,0.462,,,,,
2199,4,203.0,0.459,,,,,
2200,4,128.6,0.458,,,,,
2201,4,158.7,0.458,,,,,
2202,4,221.3,0.458,,,,,
2203,4,190.4,0.456,,,,,
2204,4,234.7,0.456,,,,,
2205,4,171.8,0.456,,,,,
2206,4,227.2,0.455,,,,,
2207,4,281.0,0.454,,,,,
2208,4,142.9,0.453,,,,,
2209,4,221.2,0.452,,,,,
2210,4,133.0,0.452,,,,,
2211,4,314.7,0.451,,,,,
2212,4,266.9,0.451,,,,,
2213,4,108.6,0.45,,,,,
2214,4,145.8,0.449,,,,,
2215,4,268.3,0.449,,,,,
2216,4,330.3,0.447,,,,,
2217,4,295.3,0.446,,,,,
2218,4,165.8,0.446,,,,,
2219,4,111.2,0.445,,,,,
2220,4,161.7,0.444,,,,,
2221,4,209.3,0.443,,,,,
2222,4,109.5,0.443,,,,,
2223,4,103.0,0.443,,,,,
2224,4,150.5,0.44,,,,,
2225,4,487.5,0.44,,,,,
2226,4,107.9,0.439,,,,,
2227,4,295.2,0.439,,,,,
2228,4,135.9,0.439,,,,,
2229,4,206.0,0.435,,,,,
2230,4,206.7,0.434,,,,,
2231,4,179.2,0.434,,,,,
2232,4,341.2,0.433,,,,,
2233,4,374.5,0.433,,,,,
2234,4,115.6,0.432,,,,,
2235,4,168.0,0.432,,,,,
2236,4,286.0,0.432,,,,,
2237,4,295.8,0.43,,,,,
2238,4,180.8,0.43,,,,,
2239,4,173.9,0.429,,,,,
2240,4,226.5,0.429,,,,,
2241,4,101.4,0.429,,,,,
2242,4,280.9,0.428,,,,,
2243,4,210.4,0.427,,,,,
2244,4,177.2,0.427,,,,,
2245,4,179.9,0.426,,,,,
2246,4,94.5,0.426,,,,,
2247,4,188.5,0.426,,,,,
2248,4,101.7,0.426,,,,,
2249,4,140.1,0.426,,,,,
2250,4,151.9,0.426,,,,,
2251,4,182.1,0.424,,,,,
2252,4,210.0,0.423,,,,,
2253,4,120.5,0.422,,,,,
2254,4,218.6,0.422,,,,,
2255,4,144.4,0.42,,,,,
2256,4,134.7,0.419,,,,,
2257,4,194.0,0.419,,,,,
2258,4,116.1,0.418,,,,,
2259,4,177.0,0.418,,,,,
2260,4,276.0,0.417,,,,,
2261,4,232.0,0.416,,,,,
2262,4,203.2,0.415,,,,,
2263,4,198.4,0.414,,,,,
2264,4,155.8,0.413,,,,,
2265,4,185.5,0.412,,,,,
2266,4,91.3,0.411,,,,,
2267,4,156.7,0.409,,,,,
2268,4,276.3,0.409,,,,,
2269,4,318.6,0.409,,,,,
2270,4,252.4,0.409,,,,,
2271,4,208.8,0.409,,,,,
2272,4,219.8,0.407,,,,,
2273,4,153.1,0.407,,,,,
2274,4,183.0,0.405,,,,,
2275,4,106.0,0.405,,,,,
2276,4,301.3,0.405,,,,,
2277,4,121.3,0.402,,,,,
2278,4,369.4,0.4,,,,,
2279,4,222.7,0.4,,,,,
2280,4,206.7,0.399,,,,,
2281,4,135.2,0.399,,,,,
2282,4,192.1,0.398,,,,,
2283,4,146.4,0.396,,,,,
2284,4,148.4,0.396,,,,,
2285,4,215.9,0.396,,,,,
2286,4,177.4,0.394,,,,,
2287,4,199.0,0.391,,,,,
2288,4,157.6,0.39,,,,,
2289,4,305.7,0.39,,,,,
2290,4,152.2,0.387,,,,,
2291,4,145.9,0.386,,,,,
2292,4,198.5,0.385,,,,,
2293,4,226.3,0.385,,,,,
2294,4,286.9,0.382,,,,,
2295,4,121.4,0.38,,,,,
2296,4,167.1,0.38,,,,,
2297,4,142.2,0.38,,,,,
2298,4,233.0,0.378,,,,,
2299,4,266.4,0.378,,,,,
2300,4,222.8,0.377,,,,,
2301,4,101.6,0.376,,,,,
2302,4,152.4,0.373,,,,,
2303,4,127.6,0.372,,,,,
2304,4,146.4,0.372,,,,,
2305,4,267.5,0.371,,,,,
2306,4,201.5,0.371,,,,,
2307,4,110.9,0.37,,,,,
2308,4,179.9,0.369,,,,,
2309,4,335.4,0.369,,,,,
2310,4,164.4,0.368,,,,,
2311,4,116.7,0.367,,,,,
2312,4,213.4,0.366,,,,,
2313,4,202.5,0.365,,,,,
2314,4,182.6,0.364,,,,,
2315,4,371.7,0.364,,,,,
2316,4,177.6,0.364,,,,,
2317,4,220.5,0.363,,,,,
2318,4,193.0,0.362,,,,,
2319,4,151.5,0.361,,,,,
2320,4,218.2,0.361,,,,,
2321,4,69.6,0.36,,,,,
2322,4,259.5,0.358,,,,,
2323,4,165.5,0.358,,,,,
2324,4,149.3,0.357,,,,,
2325,4,116.9,0.357,,,,,
2326,4,125.6,0.357,,,,,
2327,4,200.2,0.355,,,,,
2328,4,197.3,0.352,,,,,
2329,4,170.8,0.351,,,,,
2330,4,120.1,0.351,,,,,
2331,4,130.6,0.35,,,,,
2332,4,279.1,0.347,,,,,
2333,4,208.1,0.346,,,,,
2334,4,91.4,0.343,,,,,
2335,4,89.2,0.342,,,,,
2336,4,177.7,0.342,,,,,
2337,4,123.5,0.339,,,,,
2338,4,203.3,0.339,,,,,
2339,4,136.3,0.337,,,,,
2340,4,146.5,0.335,,,,,
2341,4,305.5,0.334,,,,,
2342,4,103.9,0.329,,,,,
2343,4,213.0,0.329,,,,,
2344,4,267.3,0.329,,,,,
2345,4,164.3,0.328,,,,,
2346,4,165.0,0.328,,,,,
2347,4,194.5,0.327,,,,,
2348,4,148.7,0.327,,,,,
2349,4,169.8,0.327,,,,,
2350,4,150.6,0.326,,,,,
2351,4,124.6,0.326,,,,,
2352,4,231.4,0.325,,,,,
2353,4,170.2,0.325,,,,,
2354,4,208.6,0.325,,,,,
2355,4,220.9,0.324,,,,,
2356,4,244.7,0.324,,,,,
2357,4,108.3,0.323,,,,,
2358,4,231.2,0.321,,,,,
2359,4,142.9,0.318,,,,,
2360,4,142.3,0.316,,,,,
2361,4,158.7,0.315,,,,,
2362,4,152.8,0.314,,,,,
2363,4,161.8,0.313,,,,,
2364,4,204.1,0.313,,,,,
2365,4,172.0,0.312,,,,,
2366,4,152.1,0.311,,,,,
2367,4,225.6,0.31,,,,,
2368,4,127.4,0.309,,,,,
2369,4,185.2,0.309,,,,,
2370,4,231.1,0.307,,,,,
2371,4,180.6,0.307,,,,,
2372,4,124.3,0.306,,,,,
2373,4,181.2,0.304,,,,,
2374,4,180.3,0.304,,,,,
2375,4,188.8,0.302,,,,,
2376,4,282.0,0.301,,,,,
2377,5,211.0,0.789,,,,,
2378,5,189.3,0.774,,,,,
2379,5,271.1,0.767,,,,,
2380,5,278.4,0.732,,,,,
2381,5,244.6,0.723,,,,,
2382,5,208.8,0.722,,,,,
2383,5,280.6,0.72,,,,,
2384,5,188.6,0.713,,,,,
2385,5,185.2,0.702,,,,,
2386,5,302.4,0.697,,,,,
2387,5,172.5,0.694,,,,,
2388,5,127.6,0.687,,,,,
2389,5,337.6,0.684,,,,,
2390,5,396.9,0.68,,,,,
2391,5,152.9,0.677,,,,,
2392,5,138.5,0.677,,,,,
2393,5,164.5,0.674,,,,,
2394,5,329.4,0.669,,,,,
2395,5,221.8,0.668,,,,,
2396,5,132.0,0.664,,,,,
2397,5,162.9,0.664,,,,,
2398,5,158.5,0.661,,,,,
2399,5,215.5,0.66,,,,,
2400,5,299.6,0.658,,,,,
2401,5,177.2,0.655,,,,,
2402,5,177.2,0.651,,,,,
2403,5,157.8,0.65,,,,,
2404,5,145.8,0.647,,,,,
2405,5,256.6,0.647,,,,,
2406,5,140.2,0.645,,,,,
2407,5,179.0,0.644,,,,,
2408,5,271.1,0.642,,,,,
2409,5,319.1,0.639,,,,,
2410,5,181.6,0.638,,,,,
2411,5,193.3,0.637,,,,,
2412,5,174.0,0.636,,,,,
2413,5,165.0,0.635,,,,,
2414,5,269.7,0.633,,,,,
2415,5,174.7,0.629,,,,,
2416,5,395.4,0.629,,,,,
2417,5,163.3,0.628,,,,,
2418,5,139.5,0.627,,,,,
2419,5,158.3,0.625,,,,,
2420,5,172.0,0.623,,,,,
2421,5,104.2,0.62,,,,,
2422,5,225.4,0.619,,,,,
2423,5,240.1,0.617,,,,,
2424,5,192.8,0.617,,,,,
2425,5,316.8,0.611,,,,,
2426,5,217.6,0.609,,,,,
2427,5,264.0,0.609,,,,,
2428,5,208.9,0.609,,,,,
2429,5,420.2,0.605,,,,,
2430,5,165.5,0.601,,,,,
2431,5,216.4,0.599,,,,,
2432,5,163.4,0.598,,,,,
2433,5,146.2,0.598,,,,,
2434,5,174.6,0.597,,,,,
2435,5,148.5,0.592,,,,,
2436,5,239.8,0.59,,,,,
2437,5,188.6,0.59,,,,,
2438,5,167.0,0.59,,,,,
2439,5,359.4,0.59,,,,,
2440,5,232.1,0.59,,,,,
2441,5,255.9,0.589,,,,,
2442,5,150.7,0.588,,,,,
2443,5,140.6,0.588,,,,,
2444,5,89.2,0.585,,,,,
2445,5,206.6,0.584,,,,,
2446,5,214.7,0.584,,,,,
2447,5,213.2,0.584,,,,,
2448,5,194.2,0.58,,,,,
2449,5,149.8,0.58,,,,,
2450,5,130.4,0.576,,,,,
2451,5,187.7,0.575,,,,,
2452,5,191.6,0.575,,,,,
2453,5,161.3,0.574,,,,,
2454,5,190.9,0.573,,,,,
2455,5,208.9,0.573,,,,,
2456,5,141.4,0.572,,,,,
2457,5,222.8,0.571,,,,,
2458,5,243.4,0.57,,,,,
2459,5,162.9,0.57,,,,,
2460,5,127.5,0.569,,,,,
2461,5,159.1,0.568,,,,,
2462,5,228.6,0.568,,,,,
2463,5,131.1,0.568,,,,,
2464,5,348.4,0.568,,,,,
2465,5,218.2,0.567,,,,,
2466,5,187.3,0.566,,,,,
2467,5,174.3,0.566,,,,,
2468,5,140.5,0.566,,,,,
2469,5,168.7,0.564,,,,,
2470,5,162.5,0.563,,,,,
2471,5,132.5,0.563,,,,,
2472,5,172.2,0.562,,,,,
2473,5,211.4,0.561,,,,,
2474,5,165.6,0.561,,,,,
2475,5,185.3,0.559,,,,,
2476,5,115.7,0.556,,,,,
2477,5,142.0,0.556,,,,,
2478,5,203.6,0.554,,,,,
2479,5,141.1,0.552,,,,,
2480,5,166.3,0.55,,,,,
2481,5,204.1,0.549,,,,,
2482,5,136.2,0.549,,,,,
2483,5,149.4,0.547,,,,,
2484,5,173.5,0.546,,,,,
2485,5,302.0,0.546,,,,,
2486,5,363.1,0.546,,,,,
2487,5,179.3,0.546,,,,,
2488,5,144.5,0.545,,,,,
2489,5,141.1,0.544,,,,,
2490,5,166.1,0.544,,,,,
2491,5,131.7,0.543,,,,,
2492,5,220.5,0.543,,,,,
2493,5,143.8,0.542,,,,,
2494,5,98.3,0.541,,,,,
2495,5,111.1,0.54,,,,,
2496,5,205.9,0.538,,,,,
2497,5,169.8,0.538,,,,,
2498,5,193.4,0.537,,,,,
2499,5,213.6,0.537,,,,,
2500,5,141.3,0.536,,,,,
2501,5,237.0,0.536,,,,,
2502,5,269.2,0.535,,,,,
2503,5,171.2,0.535,,,,,
2504,5,162.4,0.533,,,,,
2505,5,97.5,0.531,,,,,
2506,5,177.3,0.53,,,,,
2507,5,240.9,0.529,,,,,
2508,5,128.2,0.529,,,,,
2509,5,193.2,0.526,,,,,
2510,5,125.3,0.523,,,,,
2511,5,238.9,0.523,,,,,
2512,5,197.2,0.523,,,,,
2513,5,113.5,0.522,,,,,
2514,5,196.2,0.52,,,,,
2515,5,186.3,0.518,,,,,
2516,5,180.2,0.517,,,,,
2517,5,175.7,0.516,,,,,
2518,5,131.3,0.516,,,,,
2519,5,233.9,0.516,,,,,
2520,5,132.5,0.513,,,,,
2521,5,176.5,0.513,,,,,
2522,5,96.0,0.511,,,,,
2523,5,488.7,0.508,,,,,
2524,5,200.7,0.507,,,,,
2525,5,153.0,0.507,,,,,
2526,5,157.5,0.507,,,,,
2527,5,286.5,0.506,,,,,
2528,5,167.2,0.505,,,,,
2529,5,136.2,0.504,,,,,
2530,5,116.6,0.504,,,,,
2531,5,161.9,0.503,,,,,
2532,5,155.3,0.503,,,,,
2533,5,235.6,0.501,,,,,
2534,5,116.3,0.5,,,,,
2535,5,168.8,0.499,,,,,
2536,5,358.0,0.499,,,,,
2537,5,288.5,0.498,,,,,
2538,5,161.6,0.497,,,,,
2539,5,229.0,0.496,,,,,
2540,5,140.1,0.495,,,,,
2541,5,199.9,0.495,,,,,
2542,5,272.1,0.492,,,,,
2543,5,155.7,0.492,,,,,
2544,5,136.0,0.491,,,,,
2545,5,129.4,0.491,,,,,
2546,5,185.5,0.49,,,,,
2547,5,199.1,0.489,,,,,
2548,5,238.0,0.489,,,,,
2549,5,235.3,0.488,,,,,
2550,5,130.5,0.488,,,,,
2551,5,243.3,0.487,,,,,
2552,5,201.5,0.486,,,,,
2553,5,151.4,0.485,,,,,
2554,5,169.6,0.483,,,,,
2555,5,117.5,0.483,,,,,
2556,5,152.6,0.481,,,,,
2557,5,387.9,0.48,,,,,
2558,5,189.3,0.48,,,,,
2559,5,143.8,0.479,,,,,
2560,5,121.2,0.477,,,,,
2561,5,195.8,0.476,,,,,
2562,5,113.2,0.476,,,,,
2563,5,121.1,0.475,,,,,
2564,5,182.4,0.475,,,,,
2565,5,178.9,0.475,,,,,
2566,5,148.0,0.474,,,,,
2567,5,176.9,0.474,,,,,
2568,5,171.7,0.473,,,,,
2569,5,122.6,0.473,,,,,
2570,5,156.2,0.472,,,,,
2571,5,152.9,0.472,,,,,
2572,5,163.0,0.471,,,,,
2573,5,287.0,0.471,,,,,
2574,5,149.5,0.471,,,,,
2575,5,165.0,0.47,,,,,
2576,5,214.2,0.469,,,,,
2577,5,151.3,0.468,,,,,
2578,5,110.6,0.466,,,,,
2579,5,166.6,0.465,,,,,
2580,5,253.8,0.464,,,,,
2581,5,174.3,0.463,,,,,
2582,5,189.8,0.463,,,,,
2583,5,156.3,0.462,,,,,
2584,5,112.2,0.461,,,,,
2585,5,252.5,0.461,,,,,
2586,5,194.1,0.461,,,,,
2587,5,131.6,0.46,,,,,
2588,5,154.9,0.459,,,,,
2589,5,200.8,0.459,,,,,
2590,5,119.8,0.458,,,,,
2591,5,425.0,0.458,,,,,
2592,5,95.6,0.455,,,,,
2593,5,176.4,0.455,,,,,
2594,5,118.7,0.454,,,,,
2595,5,204.0,0.454,,,,,
2596,5,298.0,0.453,,,,,
2597,5,118.6,0.453,,,,,
2598,5,183.8,0.452,,,,,
2599,5,202.1,0.451,,,,,
2600,5,252.5,0.45,,,,,
2601,5,120.7,0.449,,,,,
2602,5,142.9,0.449,,,,,
2603,5,148.2,0.449,,,,,
2604,5,170.1,0.448,,,,,
2605,5,195.2,0.447,,,,,
2606,5,100.2,0.447,,,,,
2607,5,109.1,0.446,,,,,
2608,5,136.8,0.445,,,,,
2609,5,263.3,0.444,,,,,
2610,5,222.0,0.444,,,,,
2611,5,201.6,0.444,,,,,
2612,5,182.6,0.444,,,,,
2613,5,193.8,0.443,,,,,
2614,5,130.1,0.443,,,,,
2615,5,187.7,0.443,,,,,
2616,5,198.7,0.442,,,,,
2617,5,165.8,0.441,,,,,
2618,5,132.8,0.441,,,,,
2619,5,169.7,0.44,,,,,
2620,5,165.5,0.439,,,,,
2621,5,107.7,0.439,,,,,
2622,5,183.1,0.439,,,,,
2623,5,219.5,0.438,,,,,
2624,5,333.4,0.437,,,,,
2625,5,684.7,0.437,,,,,
2626,5,173.1,0.436,,,,,
2627,5,130.6,0.435,,,,,
2628,5,126.2,0.435,,,,,
2629,5,205.1,0.435,,,,,
2630,5,212.9,0.434,,,,,
2631,5,123.4,0.434,,,,,
2632,5,340.9,0.432,,,,,
2633,5,123.8,0.432,,,,,
2634,5,86.9,0.432,,,,,
2635,5,151.6,0.43,,,,,
2636,5,152.3,0.428,,,,,
2637,5,155.6,0.428,,,,,
2638,5,157.1,0.426,,,,,
2639,5,157.3,0.426,,,,,
2640,5,118.5,0.425,,,,,
2641,5,221.3,0.425,,,,,
2642,5,171.7,0.424,,,,,
2643,5,221.1,0.423,,,,,
2644,5,185.5,0.421,,,,,
2645,5,241.2,0.42,,,,,
2646,5,243.5,0.42,,,,,
2647,5,180.9,0.416,,,,,
2648,5,120.4,0.415,,,,,
2649,5,236.4,0.415,,,,,
2650,5,155.3,0.414,,,,,
2651,5,139.2,0.413,,,,,
2652,5,145.8,0.412,,,,,
2653,5,140.0,0.41,,,,,
2654,5,180.0,0.409,,,,,
2655,5,226.8,0.408,,,,,
2656,5,191.2,0.408,,,,,
2657,5,132.0,0.407,,,,,
2658,5,184.7,0.406,,,,,
2659,5,243.9,0.405,,,,,
2660,5,172.1,0.404,,,,,
2661,5,150.9,0.404,,,,,
2662,5,213.4,0.404,,,,,
2663,5,240.8,0.401,,,,,
2664,5,123.0,0.4,,,,,
2665,5,122.4,0.399,,,,,
2666,5,186.7,0.399,,,,,
2667,5,225.5,0.398,,,,,
2668,5,122.1,0.398,,,,,
2669,5,126.0,0.395,,,,,
2670,5,157.6,0.393,,,,,
2671,5,110.9,0.393,,,,,
2672,5,185.7,0.392,,,,,
2673,5,329.9,0.391,,,,,
2674,5,167.7,0.391,,,,,
2675,5,251.6,0.391,,,,,
2676,5,144.4,0.39,,,,,
2677,5,135.5,0.39,,,,,
2678,5,225.4,0.39,,,,,
2679,5,192.7,0.39,,,,,
2680,5,536.5,0.389,,,,,
2681,5,179.4,0.387,,,,,
2682,5,144.2,0.387,,,,,
2683,5,161.4,0.386,,,,,
2684,5,131.8,0.386,,,,,
2685,5,121.3,0.385,,,,,
2686,5,204.8,0.383,,,,,
2687,5,133.3,0.382,,,,,
2688,5,165.1,0.381,,,,,
2689,5,177.9,0.38,,,,,
2690,5,111.2,0.38,,,,,
2691,5,158.9,0.379,,,,,
2692,5,195.1,0.378,,,,,
2693,5,177.4,0.378,,,,,
2694,5,287.5,0.377,,,,,
2695,5,156.9,0.377,,,,,
2696,5,204.6,0.376,,,,,
2697,5,107.4,0.376,,,,,
2698,5,184.3,0.376,,,,,
2699,5,198.3,0.375,,,,,
2700,5,117.1,0.373,,,,,
2701,5,152.4,0.373,,,,,
2702,5,166.4,0.372,,,,,
2703,5,322.4,0.372,,,,,
2704,5,130.4,0.371,,,,,
2705,5,112.6,0.371,,,,,
2706,5,165.9,0.37,,,,,
2707,5,76.4,0.37,,,,,
2708,5,219.3,0.369,,,,,
2709,5,341.2,0.369,,,,,
2710,5,101.4,0.368,,,,,
2711,5,210.1,0.368,,,,,
2712,5,273.7,0.366,,,,,
2713,5,149.1,0.365,,,,,
2714,5,218.4,0.363,,,,,
2715,5,164.9,0.36,,,,,
2716,5,142.2,0.359,,,,,
2717,5,235.6,0.359,,,,,
2718,5,224.8,0.359,,,,,
2719,5,207.7,0.359,,,,,
2720,5,124.6,0.357,,,,,
2721,5,246.6,0.356,,,,,
2722,5,109.9,0.356,,,,,
2723,5,184.9,0.356,,,,,
2724,5,222.0,0.352,,,,,
2725,5,299.7,0.352,,,,,
2726,5,213.6,0.352,,,,,
2727,5,134.3,0.352,,,,,
2728,5,188.5,0.35,,,,,
2729,5,189.2,0.349,,,,,
2730,5,205.3,0.348,,,,,
2731,5,331.9,0.346,,,,,
2732,5,203.0,0.346,,,,,
2733,5,145.2,0.346,,,,,
2734,5,191.3,0.346,,,,,
2735,5,177.5,0.345,,,,,
2736,5,178.4,0.345,,,,,
2737,5,158.8,0.345,,,,,
2738,5,230.9,0.345,,,,,
2739,5,168.6,0.344,,,,,
2740,5,275.7,0.344,,,,,
2741,5,214.9,0.343,,,,,
2742,5,201.1,0.343,,,,,
2743,5,228.3,0.343,,,,,
2744,5,140.3,0.342,,,,,
2745,5,169.3,0.342,,,,,
2746,5,90.9,0.341,,,,,
2747,5,176.3,0.341,,,,,
2748,5,165.7,0.341,,,,,
2749,5,92.4,0.341,,,,,
2750,5,325.4,0.34,,,,,
2751,5,216.7,0.339,,,,,
2752,5,131.2,0.339,,,,,
2753,5,207.4,0.338,,,,,
2754,5,117.8,0.338,,,,,
2755,5,174.9,0.337,,,,,
2756,5,170.8,0.337,,,,,
2757,5,189.4,0.337,,,,,
2758,5,85.0,0.333,,,,,
2759,5,243.8,0.333,,,,,
2760,5,145.6,0.332,,,,,
2761,5,332.0,0.331,,,,,
2762,5,226.6,0.331,,,,,
2763,5,85.7,0.331,,,,,
2764,5,136.3,0.331,,,,,
2765,5,257.1,0.33,,,,,
2766,5,158.6,0.33,,,,,
2767,5,115.8,0.329,,,,,
2768,5,212.3,0.329,,,,,
2769,5,180.1,0.328,,,,,
2770,5,162.9,0.328,,,,,
2771,5,127.0,0.328,,,,,
2772,5,193.9,0.328,,,,,
2773,5,115.2,0.327,,,,,
2774,5,157.1,0.327,,,,,
2775,5,174.8,0.327,,,,,
2776,5,194.5,0.325,,,,,
2777,5,289.8,0.325,,,,,
2778,5,388.5,0.325,,,,,
2779,5,138.0,0.324,,,,,
2780,5,263.2,0.323,,,,,
2781,5,172.3,0.321,,,,,
2782,5,191.8,0.317,,,,,
2783,5,173.7,0.316,,,,,
2784,5,432.9,0.315,,,,,
2785,5,163.0,0.315,,,,,
2786,5,161.1,0.314,,,,,
2787,5,136.0,0.313,,,,,
2788,5,172.2,0.312,,,,,
2789,5,139.6,0.312,,,,,
2790,5,275.0,0.312,,,,,
2791,5,191.6,0.312,,,,,
2792,5,140.9,0.309,,,,,
2793,5,103.6,0.309,,,,,
2794,5,149.3,0.309,,,,,
2795,5,185.7,0.308,,,,,
2796,5,264.5,0.307,,,,,
2797,5,233.6,0.307,,,,,
2798,5,163.4,0.306,,,,,
2799,5,163.7,0.306,,,,,
2800,5,156.6,0.306,,,,,
2801,5,138.7,0.305,,,,,
2802,5,185.5,0.303,,,,,
2803,5,178.4,0.302,,,,,
2804,5,106.5,0.302,,,,,
2805,5,116.5,0.302,,,,,
2806,5,132.5,0.3,,,,,
2807,6,364.4,0.845,,,,,
2808,6,204.3,0.785,,,,,
2809,6,295.2,0.768,,,,,
2810,6,210.2,0.762,,,,,
2811,6,288.7,0.744,,,,,
2812,6,180.7,0.729,,,,,
2813,6,164.1,0.727,,,,,
2814,6,251.4,0.725,,,,,
2815,6,193.9,0.711,,,,,
2816,6,213.4,0.71,,,,,
2817,6,291.0,0.708,,,,,
2818,6,427.9,0.703,,,,,
2819,6,211.4,0.701,,,,,
2820,6,166.4,0.699,,,,,
2821,6,264.8,0.691,,,,,
2822,6,273.5,0.691,,,,,
2823,6,159.4,0.69,,,,,
2824,6,213.6,0.687,,,,,
2825,6,203.1,0.676,,,,,
2826,6,148.8,0.676,,,,,
2827,6,257.4,0.674,,,,,
2828,6,308.1,0.671,,,,,
2829,6,195.1,0.671,,,,,
2830,6,167.2,0.669,,,,,
2831,6,192.4,0.668,,,,,
2832,6,191.3,0.664,,,,,
2833,6,148.8,0.664,,,,,
2834,6,147.6,0.664,,,,,
2835,6,197.7,0.66,,,,,
2836,6,201.9,0.66,,,,,
2837,6,172.8,0.659,,,,,
2838,6,267.5,0.653,,,,,
2839,6,151.6,0.653,,,,,
2840,6,359.4,0.65,,,,,
2841,6,269.3,0.648,,,,,
2842,6,235.1,0.646,,,,,
2843,6,370.0,0.646,,,,,
2844,6,164.9,0.646,,,,,
2845,6,204.4,0.644,,,,,
2846,6,146.6,0.644,,,,,
2847,6,205.6,0.643,,,,,
2848,6,192.8,0.64,,,,,
2849,6,232.7,0.64,,,,,
2850,6,160.1,0.64,,,,,
2851,6,175.3,0.639,,,,,
2852,6,180.8,0.639,,,,,
2853,6,162.5,0.638,,,,,
2854,6,304.4,0.637,,,,,
2855,6,150.8,0.636,,,,,
2856,6,153.7,0.636,,,,,
2857,6,185.5,0.636,,,,,
2858,6,156.6,0.634,,,,,
2859,6,229.5,0.632,,,,,
2860,6,190.1,0.631,,,,,
2861,6,183.6,0.628,,,,,
2862,6,183.8,0.625,,,,,
2863,6,137.9,0.625,,,,,
2864,6,212.9,0.624,,,,,
2865,6,164.1,0.624,,,,,
2866,6,270.2,0.618,,,,,
2867,6,142.0,0.618,,,,,
2868,6,181.9,0.618,,,,,
2869,6,213.9,0.618,,,,,
2870,6,113.7,0.616,,,,,
2871,6,160.6,0.613,,,,,
2872,6,191.0,0.613,,,,,
2873,6,167.8,0.611,,,,,
2874,6,231.6,0.61,,,,,
2875,6,162.7,0.609,,,,,
2876,6,182.0,0.609,,,,,
2877,6,139.9,0.608,,,,,
2878,6,323.5,0.608,,,,,
2879,6,207.0,0.607,,,,,
2880,6,245.9,0.607,,,,,
2881,6,282.9,0.606,,,,,
2882,6,153.3,0.605,,,,,
2883,6,108.6,0.605,,,,,
2884,6,138.8,0.605,,,,,
2885,6,257.9,0.603,,,,,
2886,6,361.2,0.602,,,,,
2887,6,204.2,0.601,,,,,
2888,6,149.0,0.6,,,,,
2889,6,177.8,0.6,,,,,
2890,6,194.3,0.599,,,,,
2891,6,226.3,0.598,,,,,
2892,6,222.5,0.596,,,,,
2893,6,193.3,0.596,,,,,
2894,6,211.4,0.595,,,,,
2895,6,206.2,0.595,,,,,
2896,6,194.3,0.594,,,,,
2897,6,156.4,0.593,,,,,
2898,6,204.8,0.592,,,,,
2899,6,151.6,0.592,,,,,
2900,6,156.2,0.592,,,,,
2901,6,89.1,0.592,,,,,
2902,6,178.7,0.592,,,,,
2903,6,155.4,0.59,,,,,
2904,6,315.2,0.59,,,,,
2905,6,177.7,0.59,,,,,
2906,6,231.8,0.59,,,,,
2907,6,205.3,0.589,,,,,
2908,6,225.2,0.589,,,,,
2909,6,112.0,0.589,,,,,
2910,6,162.5,0.588,,,,,
2911,6,288.3,0.588,,,,,
2912,6,227.1,0.588,,,,,
2913,6,172.2,0.587,,,,,
2914,6,164.1,0.587,,,,,
2915,6,177.9,0.587,,,,,
2916,6,256.7,0.586,,,,,
2917,6,217.2,0.586,,,,,
2918,6,133.9,0.585,,,,,
2919,6,138.1,0.584,,,,,
2920,6,188.3,0.584,,,,,
2921,6,204.8,0.583,,,,,
2922,6,205.1,0.583,,,,,
2923,6,228.0,0.583,,,,,
2924,6,227.8,0.582,,,,,
2925,6,140.7,0.581,,,,,
2926,6,140.4,0.581,,,,,
2927,6,304.0,0.58,,,,,
2928,6,187.0,0.58,,,,,
2929,6,193.5,0.58,,,,,
2930,6,237.8,0.579,,,,,
2931,6,211.2,0.578,,,,,
2932,6,140.2,0.578,,,,,
2933,6,131.5,0.577,,,,,
2934,6,231.5,0.576,,,,,
2935,6,150.0,0.576,,,,,
2936,6,236.8,0.575,,,,,
2937,6,196.5,0.575,,,,,
2938,6,188.7,0.574,,,,,
2939,6,249.4,0.574,,,,,
2940,6,194.5,0.573,,,,,
2941,6,219.6,0.573,,,,,
2942,6,165.9,0.572,,,,,
2943,6,160.2,0.57,,,,,
2944,6,309.6,0.569,,,,,
2945,6,196.7,0.569,,,,,
2946,6,279.2,0.567,,,,,
2947,6,157.1,0.566,,,,,
2948,6,188.4,0.566,,,,,
2949,6,262.5,0.566,,,,,
2950,6,168.0,0.565,,,,,
2951,6,201.8,0.563,,,,,
2952,6,460.3,0.563,,,,,
2953,6,183.4,0.562,,,,,
2954,6,145.2,0.562,,,,,
2955,6,195.9,0.561,,,,,
2956,6,235.2,0.561,,,,,
2957,6,347.7,0.56,,,,,
2958,6,115.6,0.56,,,,,
2959,6,175.8,0.559,,,,,
2960,6,169.6,0.559,,,,,
2961,6,141.8,0.559,,,,,
2962,6,444.1,0.557,,,,,
2963,6,238.2,0.557,,,,,
2964,6,212.7,0.557,,,,,
2965,6,144.4,0.557,,,,,
2966,6,133.6,0.556,,,,,
2967,6,247.0,0.555,,,,,
2968,6,203.5,0.555,,,,,
2969,6,169.1,0.555,,,,,
2970,6,209.8,0.555,,,,,
2971,6,125.8,0.553,,,,,
2972,6,225.5,0.552,,,,,
2973,6,167.9,0.552,,,,,
2974,6,104.5,0.55,,,,,
2975,6,271.5,0.549,,,,,
2976,6,282.3,0.549,,,,,
2977,6,239.7,0.549,,,,,
2978,6,194.8,0.547,,,,,
2979,6,157.7,0.547,,,,,
2980,6,160.9,0.547,,,,,
2981,6,101.0,0.547,,,,,
2982,6,282.6,0.547,,,,,
2983,6,147.1,0.546,,,,,
2984,6,213.8,0.544,,,,,
2985,6,154.0,0.544,,,,,
2986,6,122.4,0.543,,,,,
2987,6,142.3,0.541,,,,,
2988,6,164.3,0.541,,,,,
2989,6,159.9,0.541,,,,,
2990,6,222.8,0.54,,,,,
2991,6,155.8,0.539,,,,,
2992,6,259.7,0.539,,,,,
2993,6,349.8,0.538,,,,,
2994,6,133.9,0.538,,,,,
2995,6,144.6,0.537,,,,,
2996,6,237.6,0.536,,,,,
2997,6,221.2,0.535,,,,,
2998,6,155.4,0.535,,,,,
2999,6,220.0,0.534,,,,,
3000,6,284.1,0.534,,,,,
3001,6,117.5,0.533,,,,,
3002,6,170.6,0.533,,,,,
3003,6,230.0,0.532,,,,,
3004,6,192.2,0.531,,,,,
3005,6,153.1,0.53,,,,,
3006,6,263.3,0.53,,,,,
3007,6,138.2,0.53,,,,,
3008,6,191.9,0.529,,,,,
3009,6,158.8,0.529,,,,,
3010,6,245.6,0.529,,,,,
3011,6,219.0,0.528,,,,,
3012,6,198.2,0.528,,,,,
3013,6,250.1,0.528,,,,,
3014,6,172.2,0.527,,,,,
3015,6,178.3,0.526,,,,,
3016,6,135.9,0.526,,,,,
3017,6,186.5,0.526,,,,,
3018,6,184.9,0.526,,,,,
3019,6,211.0,0.524,,,,,
3020,6,103.3,0.523,,,,,
3021,6,229.8,0.523,,,,,
3022,6,208.9,0.523,,,,,
3023,6,148.9,0.522,,,,,
3024,6,233.2,0.521,,,,,
3025,6,220.6,0.519,,,,,
3026,6,160.7,0.519,,,,,
3027,6,170.1,0.518,,,,,
3028,6,155.8,0.518,,,,,
3029,6,123.1,0.517,,,,,
3030,6,127.0,0.516,,,,,
3031,6,160.0,0.515,,,,,
3032,6,225.2,0.514,,,,,
3033,6,198.8,0.512,,,,,
3034,6,214.9,0.512,,,,,
3035,6,190.9,0.51,,,,,
3036,6,128.5,0.51,,,,,
3037,6,313.9,0.508,,,,,
3038,6,114.0,0.507,,,,,
3039,6,241.1,0.507,,,,,
3040,6,107.4,0.507,,,,,
3041,6,197.1,0.505,,,,,
3042,6,164.8,0.505,,,,,
3043,6,240.4,0.504,,,,,
3044,6,121.5,0.503,,,,,
3045,6,107.5,0.502,,,,,
3046,6,126.8,0.501,,,,,
3047,6,232.4,0.501,,,,,
3048,6,181.0,0.501,,,,,
3049,6,150.4,0.501,,,,,
3050,6,121.0,0.5,,,,,
3051,6,197.3,0.498,,,,,
3052,6,224.3,0.497,,,,,
3053,6,168.8,0.497,,,,,
3054,6,241.9,0.496,,,,,
3055,6,236.7,0.496,,,,,
3056,6,181.8,0.494,,,,,
3057,6,189.4,0.492,,,,,
3058,6,209.4,0.492,,,,,
3059,6,115.2,0.49,,,,,
3060,6,267.1,0.49,,,,,
3061,6,104.0,0.49,,,,,
3062,6,289.0,0.489,,,,,
3063,6,137.5,0.489,,,,,
3064,6,255.9,0.488,,,,,
3065,6,276.5,0.488,,,,,
3066,6,154.3,0.487,,,,,
3067,6,218.9,0.486,,,,,
3068,6,122.3,0.486,,,,,
3069,6,123.4,0.486,,,,,
3070,6,152.7,0.484,,,,,
3071,6,185.1,0.484,,,,,
3072,6,183.8,0.482,,,,,
3073,6,114.8,0.48,,,,,
3074,6,186.5,0.479,,,,,
3075,6,120.0,0.479,,,,,
3076,6,120.5,0.478,,,,,
3077,6,186.9,0.478,,,,,
3078,6,205.1,0.478,,,,,
3079,6,186.5,0.476,,,,,
3080,6,148.5,0.476,,,,,
3081,6,439.0,0.476,,,,,
3082,6,342.3,0.476,,,,,
3083,6,121.1,0.476,,,,,
3084,6,238.4,0.475,,,,,
3085,6,225.6,0.474,,,,,
3086,6,204.5,0.474,,,,,
3087,6,252.4,0.474,,,,,
3088,6,136.4,0.473,,,,,
3089,6,154.9,0.472,,,,,
3090,6,188.1,0.472,,,,,
3091,6,166.4,0.469,,,,,
3092,6,226.7,0.469,,,,,
3093,6,128.4,0.467,,,,,
3094,6,97.0,0.467,,,,,
3095,6,143.0,0.467,,,,,
3096,6,120.2,0.467,,,,,
3097,6,158.8,0.466,,,,,
3098,6,241.1,0.466,,,,,
3099,6,204.6,0.465,,,,,
3100,6,74.3,0.463,,,,,
3101,6,131.7,0.462,,,,,
3102,6,243.1,0.462,,,,,
3103,6,201.5,0.462,,,,,
3104,6,250.9,0.461,,,,,
3105,6,288.0,0.46,,,,,
3106,6,194.5,0.459,,,,,
3107,6,131.8,0.459,,,,,
3108,6,272.5,0.459,,,,,
3109,6,213.7,0.458,,,,,
3110,6,260.9,0.457,,,,,
3111,6,133.5,0.457,,,,,
3112,6,169.9,0.456,,,,,
3113,6,132.0,0.456,,,,,
3114,6,188.7,0.454,,,,,
3115,6,198.4,0.454,,,,,
3116,6,258.5,0.453,,,,,
3117,6,117.7,0.453,,,,,
3118,6,137.5,0.452,,,,,
3119,6,245.1,0.452,,,,,
3120,6,125.8,0.452,,,,,
3121,6,189.2,0.452,,,,,
3122,6,206.6,0.451,,,,,
3123,6,124.3,0.45,,,,,
3124,6,256.3,0.449,,,,,
3125,6,135.9,0.449,,,,,
3126,6,119.6,0.449,,,,,
3127,6,210.0,0.448,,,,,
3128,6,278.2,0.447,,,,,
3129,6,182.8,0.446,,,,,
3130,6,231.7,0.446,,,,,
3131,6,138.5,0.445,,,,,
3132,6,164.4,0.445,,,,,
3133,6,137.7,0.445,,,,,
3134,6,181.9,0.444,,,,,
3135,6,225.4,0.443,,,,,
3136,6,137.4,0.442,,,,,
3137,6,125.9,0.442,,,,,
3138,6,112.4,0.44,,,,,
3139,6,261.5,0.44,,,,,
3140,6,190.9,0.436,,,,,
3141,6,111.2,0.436,,,,,
3142,6,259.3,0.436,,,,,
3143,6,105.2,0.435,,,,,
3144,6,309.0,0.434,,,,,
3145,6,135.5,0.433,,,,,
3146,6,114.6,0.433,,,,,
3147,6,173.3,0.433,,,,,
3148,6,181.5,0.433,,,,,
3149,6,247.6,0.433,,,,,
3150,6,115.5,0.432,,,,,
3151,6,242.8,0.432,,,,,
3152,6,144.8,0.432,,,,,
3153,6,153.1,0.431,,,,,
3154,6,124.3,0.43,,,,,
3155,6,181.0,0.43,,,,,
3156,6,234.0,0.43,,,,,
3157,6,238.1,0.429,,,,,
3158,6,235.4,0.429,,,,,
3159,6,155.3,0.428,,,,,
3160,6,111.0,0.428,,,,,
3161,6,134.0,0.428,,,,,
3162,6,346.7,0.426,,,,,
3163,6,330.1,0.426,,,,,
3164,6,368.5,0.425,,,,,
3165,6,165.4,0.424,,,,,
3166,6,185.0,0.424,,,,,
3167,6,196.4,0.424,,,,,
3168,6,103.3,0.423,,,,,
3169,6,227.0,0.423,,,,,
3170,6,192.9,0.422,,,,,
3171,6,110.0,0.422,,,,,
3172,6,250.7,0.421,,,,,
3173,6,220.6,0.421,,,,,
3174,6,187.4,0.419,,,,,
3175,6,156.1,0.418,,,,,
3176,6,160.1,0.416,,,,,
3177,6,196.3,0.416,,,,,
3178,6,193.8,0.414,,,,,
3179,6,139.0,0.414,,,,,
3180,6,206.4,0.411,,,,,
3181,6,356.1,0.41,,,,,
3182,6,251.0,0.409,,,,,
3183,6,190.9,0.407,,,,,
3184,6,289.3,0.406,,,,,
3185,6,164.2,0.406,,,,,
3186,6,149.6,0.404,,,,,
3187,6,270.6,0.403,,,,,
3188,6,219.7,0.402,,,,,
3189,6,183.3,0.401,,,,,
3190,6,129.6,0.401,,,,,
3191,6,266.7,0.401,,,,,
3192,6,146.5,0.401,,,,,
3193,6,127.0,0.4,,,,,
3194,6,162.6,0.4,,,,,
3195,6,97.4,0.4,,,,,
3196,6,93.3,0.399,,,,,
3197,6,172.0,0.399,,,,,
3198,6,172.6,0.398,,,,,
3199,6,177.5,0.398,,,,,
3200,6,282.6,0.398,,,,,
3201,6,197.3,0.398,,,,,
3202,6,104.9,0.396,,,,,
3203,6,122.9,0.396,,,,,
3204,6,192.8,0.395,,,,,
3205,6,228.7,0.394,,,,,
3206,6,226.4,0.394,,,,,
3207,6,142.6,0.393,,,,,
3208,6,148.4,0.392,,,,,
3209,6,235.8,0.391,,,,,
3210,6,321.3,0.39,,,,,
3211,6,197.9,0.389,,,,,
3212,6,192.3,0.389,,,,,
3213,6,282.4,0.387,,,,,
3214,6,167.2,0.387,,,,,
3215,6,183.0,0.387,,,,,
3216,6,160.0,0.386,,,,,
3217,6,117.3,0.385,,,,,
3218,6,179.5,0.384,,,,,
3219,6,199.0,0.383,,,,,
3220,6,250.9,0.383,,,,,
3221,6,201.1,0.382,,,,,
3222,6,252.3,0.382,,,,,
3223,6,120.7,0.382,,,,,
3224,6,309.7,0.381,,,,,
3225,6,96.3,0.38,,,,,
3226,6,238.7,0.38,,,,,
3227,6,147.3,0.379,,,,,
3228,6,125.1,0.379,,,,,
3229,6,238.5,0.379,,,,,
3230,6,291.5,0.378,,,,,
3231,6,116.2,0.377,,,,,
3232,6,207.0,0.377,,,,,
3233,6,212.9,0.377,,,,,
3234,6,239.3,0.376,,,,,
3235,6,147.8,0.375,,,,,
3236,6,122.9,0.374,,,,,
3237,6,352.6,0.374,,,,,
3238,6,137.1,0.373,,,,,
3239,6,374.9,0.373,,,,,
3240,6,172.8,0.37,,,,,
3241,6,240.7,0.37,,,,,
3242,6,172.8,0.37,,,,,
3243,6,110.5,0.37,,,,,
3244,6,177.9,0.369,,,,,
3245,6,310.8,0.369,,,,,
3246,6,157.6,0.368,,,,,
3247,6,239.4,0.368,,,,,
3248,6,126.9,0.367,,,,,
3249,6,175.8,0.366,,,,,
3250,6,122.6,0.366,,,,,
3251,6,217.9,0.366,,,,,
3252,6,81.0,0.365,,,,,
3253,6,125.8,0.364,,,,,
3254,6,241.7,0.363,,,,,
3255,6,109.2,0.361,,,,,
3256,6,132.1,0.361,,,,,
3257,6,146.0,0.361,,,,,
3258,6,188.2,0.36,,,,,
3259,6,75.4,0.36,,,,,
3260,6,246.8,0.359,,,,,
3261,6,143.8,0.359,,,,,
3262,6,163.0,0.359,,,,,
3263,6,153.0,0.357,,,,,
3264,6,192.8,0.357,,,,,
3265,6,364.1,0.356,,,,,
3266,6,278.8,0.356,,,,,
3267,6,238.3,0.356,,,,,
3268,6,324.0,0.355,,,,,
3269,6,167.3,0.354,,,,,
3270,6,108.2,0.354,,,,,
3271,6,116.0,0.35,,,,,
3272,6,152.9,0.35,,,,,
3273,6,114.2,0.348,,,,,
3274,6,121.4,0.347,,,,,
3275,6,246.5,0.346,,,,,
3276,6,122.6,0.345,,,,,
3277,6,136.1,0.345,,,,,
3278,6,146.9,0.345,,,,,
3279,6,224.6,0.344,,,,,
3280,6,238.7,0.344,,,,,
3281,6,166.6,0.344,,,,,
3282,6,110.0,0.343,,,,,
3283,6,141.5,0.343,,,,,
3284,6,146.2,0.342,,,,,
3285,6,84.9,0.342,,,,,
3286,6,287.0,0.341,,,,,
3287,6,187.0,0.341,,,,,
3288,6,150.9,0.341,,,,,
3289,6,140.1,0.34,,,,,
3290,6,271.1,0.34,,,,,
3291,6,158.8,0.34,,,,,
3292,6,230.9,0.34,,,,,
3293,6,331.1,0.339,,,,,
3294,6,237.5,0.339,,,,,
3295,6,193.3,0.338,,,,,
3296,6,201.5,0.337,,,,,
3297,6,191.9,0.334,,,,,
3298,6,283.3,0.333,,,,,
3299,6,124.9,0.332,,,,,
3300,6,124.9,0.332,,,,,
3301,6,188.8,0.331,,,,,
3302,6,114.2,0.33,,,,,
3303,6,213.8,0.329,,,,,
3304,6,245.2,0.329,,,,,
3305,6,127.3,0.329,,,,,
3306,6,213.4,0.328,,,,,
3307,6,236.5,0.328,,,,,
3308,6,257.7,0.327,,,,,
3309,6,237.7,0.327,,,,,
3310,6,100.0,0.326,,,,,
3311,6,126.0,0.325,,,,,
3312,6,182.6,0.325,,,,,
3313,6,203.6,0.324,,,,,
3314,6,204.9,0.324,,,,,
3315,6,123.1,0.324,,,,,
3316,6,273.4,0.323,,,,,
3317,6,197.9,0.323,,,,,
3318,6,131.4,0.321,,,,,
3319,6,193.3,0.32,,,,,
3320,6,169.1,0.319,,,,,
3321,6,180.8,0.317,,,,,
3322,6,146.8,0.317,,,,,
3323,6,243.0,0.316,,,,,
3324,6,235.4,0.316,,,,,
3325,6,184.4,0.315,,,,,
3326,6,206.1,0.314,,,,,
3327,6,260.6,0.313,,,,,
3328,6,195.8,0.313,,,,,
3329,6,163.4,0.312,,,,,
3330,6,136.4,0.312,,,,,
3331,6,192.7,0.312,,,,,
3332,6,203.6,0.311,,,,,
3333,6,287.9,0.31,,,,,
3334,6,144.3,0.309,,,,,
3335,6,212.2,0.308,,,,,
3336,6,204.5,0.308,,,,,
3337,6,116.4,0.308,,,,,
3338,6,235.3,0.307,,,,,
3339,6,147.4,0.307,,,,,
3340,6,248.3,0.307,,,,,
3341,6,175.4,0.307,,,,,
3342,6,142.7,0.307,,,,,
3343,6,117.1,0.306,,,,,
3344,6,177.1,0.305,,,,,
3345,6,138.3,0.305,,,,,
3346,6,104.7,0.305,,,,,
3347,6,110.2,0.304,,,,,
3348,6,152.0,0.304,,,,,
3349,6,159.7,0.303,,,,,
3350,6,130.0,0.302,,,,,
3351,6,118.3,0.301,,,,,
3352,6,130.4,0.3,,,,,
3353,7,280.7,0.697,,,,,
3354,7,195.7,0.684,,,,,
3355,7,223.6,0.684,,,,,
3356,7,172.8,0.683,,,,,
3357,7,350.9,0.67,,,,,
3358,7,203.2,0.64,,,,,
3359,7,186.0,0.628,,,,,
3360,7,184.0,0.624,,,,,
3361,7,168.6,0.623,,,,,
3362,7,188.6,0.617,,,,,
3363,7,145.7,0.617,,,,,
3364,7,151.7,0.608,,,,,
3365,7,150.5,0.608,,,,,
3366,7,215.8,0.606,,,,,
3367,7,150.3,0.603,,,,,
3368,7,124.3,0.602,,,,,
3369,7,130.5,0.601,,,,,
3370,7,120.5,0.601,,,,,
3371,7,146.8,0.601,,,,,
3372,7,182.4,0.599,,,,,
3373,7,155.1,0.599,,,,,
3374,7,137.9,0.598,,,,,
3375,7,104.8,0.596,,,,,
3376,7,193.6,0.595,,,,,
3377,7,199.1,0.595,,,,,
3378,7,167.3,0.594,,,,,
3379,7,135.5,0.594,,,,,
3380,7,196.8,0.593,,,,,
3381,7,145.6,0.592,,,,,
3382,7,190.8,0.592,,,,,
3383,7,137.1,0.592,,,,,
3384,7,325.7,0.59,,,,,
3385,7,101.2,0.587,,,,,
3386,7,117.8,0.583,,,,,
3387,7,238.7,0.578,,,,,
3388,7,116.8,0.577,,,,,
3389,7,160.3,0.576,,,,,
3390,7,170.2,0.576,,,,,
3391,7,249.0,0.574,,,,,
3392,7,211.7,0.572,,,,,
3393,7,224.9,0.572,,,,,
3394,7,270.1,0.569,,,,,
3395,7,169.5,0.568,,,,,
3396,7,146.0,0.568,,,,,
3397,7,251.4,0.566,,,,,
3398,7,153.8,0.563,,,,,
3399,7,227.2,0.562,,,,,
3400,7,195.9,0.562,,,,,
3401,7,176.0,0.561,,,,,
3402,7,187.6,0.56,,,,,
3403,7,138.8,0.559,,,,,
3404,7,199.0,0.559,,,,,
3405,7,205.0,0.555,,,,,
3406,7,213.0,0.554,,,,,
3407,7,238.3,0.553,,,,,
3408,7,190.0,0.551,,,,,
3409,7,153.5,0.551,,,,,
3410,7,160.9,0.55,,,,,
3411,7,198.0,0.548,,,,,
3412,7,161.3,0.548,,,,,
3413,7,160.2,0.547,,,,,
3414,7,122.6,0.546,,,,,
3415,7,165.3,0.542,,,,,
3416,7,111.4,0.542,,,,,
3417,7,179.2,0.541,,,,,
3418,7,233.5,0.541,,,,,
3419,7,214.1,0.539,,,,,
3420,7,113.6,0.538,,,,,
3421,7,189.0,0.537,,,,,
3422,7,235.6,0.537,,,,,
3423,7,122.0,0.537,,,,,
3424,7,159.5,0.536,,,,,
3425,7,170.8,0.536,,,,,
3426,7,175.5,0.536,,,,,
3427,7,178.0,0.534,,,,,
3428,7,214.7,0.533,,,,,
3429,7,93.5,0.533,,,,,
3430,7,209.4,0.532,,,,,
3431,7,174.0,0.532,,,,,
3432,7,92.6,0.532,,,,,
3433,7,223.5,0.532,,,,,
3434,7,147.1,0.532,,,,,
3435,7,146.2,0.532,,,,,
3436,7,120.5,0.531,,,,,
3437,7,139.4,0.53,,,,,
3438,7,126.9,0.529,,,,,
3439,7,120.8,0.529,,,,,
3440,7,220.7,0.529,,,,,
3441,7,172.8,0.526,,,,,
3442,7,158.5,0.521,,,,,
3443,7,167.9,0.518,,,,,
3444,7,91.6,0.517,,,,,
3445,7,179.7,0.517,,,,,
3446,7,94.1,0.517,,,,,
3447,7,159.1,0.517,,,,,
3448,7,139.9,0.517,,,,,
3449,7,158.3,0.517,,,,,
3450,7,97.5,0.514,,,,,
3451,7,156.0,0.514,,,,,
3452,7,113.1,0.514,,,,,
3453,7,246.8,0.512,,,,,
3454,7,178.5,0.512,,,,,
3455,7,160.4,0.511,,,,,
3456,7,111.2,0.511,,,,,
3457,7,197.8,0.51,,,,,
3458,7,141.1,0.509,,,,,
3459,7,115.4,0.508,,,,,
3460,7,185.3,0.508,,,,,
3461,7,157.1,0.507,,,,,
3462,7,254.3,0.507,,,,,
3463,7,185.1,0.507,,,,,
3464,7,181.4,0.505,,,,,
3465,7,209.4,0.505,,,,,
3466,7,147.5,0.503,,,,,
3467,7,207.2,0.502,,,,,
3468,7,231.7,0.502,,,,,
3469,7,143.4,0.502,,,,,
3470,7,205.5,0.502,,,,,
3471,7,128.4,0.501,,,,,
3472,7,115.7,0.501,,,,,
3473,7,186.0,0.498,,,,,
3474,7,158.5,0.497,,,,,
3475,7,143.0,0.497,,,,,
3476,7,114.0,0.497,,,,,
3477,7,126.9,0.496,,,,,
3478,7,162.4,0.495,,,,,
3479,7,133.6,0.495,,,,,
3480,7,126.4,0.494,,,,,
3481,7,117.2,0.493,,,,,
3482,7,219.4,0.492,,,,,
3483,7,144.0,0.492,,,,,
3484,7,136.6,0.491,,,,,
3485,7,190.8,0.491,,,,,
3486,7,144.6,0.491,,,,,
3487,7,212.2,0.49,,,,,
3488,7,193.3,0.49,,,,,
3489,7,166.4,0.49,,,,,
3490,7,131.9,0.49,,,,,
3491,7,122.9,0.49,,,,,
3492,7,121.9,0.489,,,,,
3493,7,278.7,0.488,,,,,
3494,7,155.3,0.487,,,,,
3495,7,199.8,0.486,,,,,
3496,7,121.4,0.485,,,,,
3497,7,188.2,0.485,,,,,
3498,7,341.2,0.484,,,,,
3499,7,165.3,0.484,,,,,
3500,7,180.2,0.484,,,,,
3501,7,145.9,0.483,,,,,
3502,7,153.1,0.483,,,,,
3503,7,141.0,0.483,,,,,
3504,7,113.1,0.481,,,,,
3505,7,182.7,0.479,,,,,
3506,7,134.0,0.479,,,,,
3507,7,210.2,0.478,,,,,
3508,7,116.8,0.478,,,,,
3509,7,155.0,0.478,,,,,
3510,7,100.7,0.477,,,,,
3511,7,114.7,0.475,,,,,
3512,7,147.0,0.475,,,,,
3513,7,184.0,0.473,,,,,
3514,7,120.3,0.472,,,,,
3515,7,200.5,0.472,,,,,
3516,7,240.4,0.472,,,,,
3517,7,149.0,0.471,,,,,
3518,7,89.1,0.471,,,,,
3519,7,137.2,0.47,,,,,
3520,7,152.8,0.47,,,,,
3521,7,173.3,0.469,,,,,
3522,7,202.3,0.468,,,,,
3523,7,122.1,0.467,,,,,
3524,7,145.9,0.467,,,,,
3525,7,112.6,0.467,,,,,
3526,7,109.5,0.467,,,,,
3527,7,109.6,0.466,,,,,
3528,7,113.2,0.466,,,,,
3529,7,313.7,0.465,,,,,
3530,7,148.5,0.464,,,,,
3531,7,226.3,0.462,,,,,
3532,7,76.7,0.462,,,,,
3533,7,119.7,0.461,,,,,
3534,7,159.2,0.46,,,,,
3535,7,269.8,0.46,,,,,
3536,7,143.4,0.46,,,,,
3537,7,88.9,0.459,,,,,
3538,7,123.3,0.458,,,,,
3539,7,165.8,0.457,,,,,
3540,7,308.7,0.456,,,,,
3541,7,206.4,0.456,,,,,
3542,7,136.1,0.454,,,,,
3543,7,144.7,0.454,,,,,
3544,7,318.3,0.454,,,,,
3545,7,342.3,0.453,,,,,
3546,7,113.5,0.452,,,,,
3547,7,160.4,0.451,,,,,
3548,7,132.5,0.45,,,,,
3549,7,130.5,0.45,,,,,
3550,7,107.2,0.449,,,,,
3551,7,360.8,0.449,,,,,
3552,7,281.2,0.449,,,,,
3553,7,103.7,0.446,,,,,
3554,7,192.9,0.446,,,,,
3555,7,177.3,0.446,,,,,
3556,7,302.4,0.445,,,,,
3557,7,421.4,0.445,,,,,
3558,7,282.7,0.444,,,,,
3559,7,190.3,0.444,,,,,
3560,7,130.7,0.444,,,,,
3561,7,226.7,0.443,,,,,
3562,7,183.4,0.441,,,,,
3563,7,251.2,0.441,,,,,
3564,7,249.3,0.44,,,,,
3565,7,241.5,0.44,,,,,
3566,7,126.8,0.44,,,,,
3567,7,122.1,0.44,,,,,
3568,7,110.4,0.439,,,,,
3569,7,161.7,0.439,,,,,
3570,7,140.2,0.437,,,,,
3571,7,136.3,0.436,,,,,
3572,7,138.9,0.433,,,,,
3573,7,401.7,0.433,,,,,
3574,7,288.2,0.432,,,,,
3575,7,81.0,0.431,,,,,
3576,7,94.7,0.431,,,,,
3577,7,137.5,0.43,,,,,
3578,7,143.0,0.429,,,,,
3579,7,154.8,0.429,,,,,
3580,7,209.4,0.429,,,,,
3581,7,179.3,0.428,,,,,
3582,7,197.0,0.428,,,,,
3583,7,151.3,0.427,,,,,
3584,7,141.5,0.427,,,,,
3585,7,131.9,0.427,,,,,
3586,7,103.0,0.427,,,,,
3587,7,175.6,0.427,,,,,
3588,7,237.4,0.426,,,,,
3589,7,163.7,0.425,,,,,
3590,7,105.9,0.423,,,,,
3591,7,161.6,0.423,,,,,
3592,7,122.5,0.422,,,,,
3593,7,131.8,0.422,,,,,
3594,7,141.0,0.421,,,,,
3595,7,328.3,0.421,,,,,
3596,7,117.8,0.42,,,,,
3597,7,109.0,0.42,,,,,
3598,7,109.0,0.42,,,,,
3599,7,140.6,0.419,,,,,
3600,7,171.2,0.419,,,,,
3601,7,182.3,0.419,,,,,
3602,7,154.6,0.418,,,,,
3603,7,117.5,0.416,,,,,
3604,7,106.4,0.416,,,,,
3605,7,120.9,0.416,,,,,
3606,7,87.6,0.415,,,,,
3607,7,179.8,0.415,,,,,
3608,7,125.6,0.414,,,,,
3609,7,165.0,0.414,,,,,
3610,7,128.8,0.414,,,,,
3611,7,165.3,0.413,,,,,
3612,7,145.9,0.413,,,,,
3613,7,216.6,0.411,,,,,
3614,7,94.4,0.411,,,,,
3615,7,157.1,0.411,,,,,
3616,7,155.9,0.411,,,,,
3617,7,145.3,0.411,,,,,
3618,7,106.9,0.41,,,,,
3619,7,117.3,0.41,,,,,
3620,7,142.0,0.41,,,,,
3621,7,142.5,0.41,,,,,
3622,7,155.7,0.41,,,,,
3623,7,155.6,0.41,,,,,
3624,7,92.8,0.409,,,,,
3625,7,208.3,0.409,,,,,
3626,7,120.0,0.409,,,,,
3627,7,217.3,0.409,,,,,
3628,7,192.8,0.408,,,,,
3629,7,187.4,0.406,,,,,
3630,7,233.2,0.404,,,,,
3631,7,235.3,0.404,,,,,
3632,7,103.3,0.404,,,,,
3633,7,165.7,0.404,,,,,
3634,7,108.5,0.403,,,,,
3635,7,301.9,0.402,,,,,
3636,7,119.1,0.4,,,,,
3637,7,260.9,0.4,,,,,
3638,7,131.1,0.399,,,,,
3639,7,344.9,0.399,,,,,
3640,7,92.9,0.398,,,,,
3641,7,239.8,0.398,,,,,
3642,7,162.7,0.396,,,,,
3643,7,168.2,0.396,,,,,
3644,7,127.6,0.396,,,,,
3645,7,144.3,0.394,,,,,
3646,7,130.1,0.394,,,,,
3647,7,134.6,0.392,,,,,
3648,7,110.2,0.391,,,,,
3649,7,162.5,0.391,,,,,
3650,7,114.2,0.389,,,,,
3651,7,174.6,0.389,,,,,
3652,7,242.7,0.388,,,,,
3653,7,122.4,0.387,,,,,
3654,7,143.0,0.387,,,,,
3655,7,208.9,0.387,,,,,
3656,7,244.2,0.386,,,,,
3657,7,187.4,0.386,,,,,
3658,7,110.4,0.386,,,,,
3659,7,125.7,0.386,,,,,
3660,7,141.3,0.386,,,,,
3661,7,201.8,0.384,,,,,
3662,7,168.1,0.384,,,,,
3663,7,106.8,0.38,,,,,
3664,7,133.8,0.38,,,,,
3665,7,103.3,0.379,,,,,
3666,7,122.2,0.379,,,,,
3667,7,233.5,0.378,,,,,
3668,7,298.7,0.377,,,,,
3669,7,241.7,0.376,,,,,
3670,7,95.9,0.376,,,,,
3671,7,178.9,0.375,,,,,
3672,7,135.6,0.374,,,,,
3673,7,236.2,0.373,,,,,
3674,7,261.5,0.373,,,,,
3675,7,252.6,0.372,,,,,
3676,7,177.0,0.371,,,,,
3677,7,89.8,0.37,,,,,
3678,7,122.2,0.369,,,,,
3679,7,161.8,0.368,,,,,
3680,7,165.0,0.368,,,,,
3681,7,145.0,0.365,,,,,
3682,7,236.8,0.365,,,,,
3683,7,116.3,0.365,,,,,
3684,7,262.9,0.364,,,,,
3685,7,92.0,0.363,,,,,
3686,7,101.9,0.363,,,,,
3687,7,141.0,0.363,,,,,
3688,7,165.7,0.362,,,,,
3689,7,300.2,0.362,,,,,
3690,7,125.2,0.361,,,,,
3691,7,164.0,0.361,,,,,
3692,7,196.1,0.361,,,,,
3693,7,145.6,0.36,,,,,
3694,7,227.1,0.359,,,,,
3695,7,159.2,0.358,,,,,
3696,7,133.9,0.358,,,,,
3697,7,200.1,0.357,,,,,
3698,7,148.4,0.357,,,,,
3699,7,190.5,0.356,,,,,
3700,7,190.7,0.356,,,,,
3701,7,120.1,0.356,,,,,
3702,7,195.7,0.356,,,,,
3703,7,179.6,0.355,,,,,
3704,7,117.1,0.354,,,,,
3705,7,139.3,0.354,,,,,
3706,7,205.3,0.353,,,,,
3707,7,110.4,0.353,,,,,
3708,7,101.3,0.352,,,,,
3709,7,187.6,0.351,,,,,
3710,7,155.7,0.351,,,,,
3711,7,148.7,0.35,,,,,
3712,7,107.2,0.349,,,,,
3713,7,146.0,0.349,,,,,
3714,7,152.6,0.349,,,,,
3715,7,121.1,0.348,,,,,
3716,7,119.7,0.347,,,,,
3717,7,95.8,0.347,,,,,
3718,7,203.5,0.344,,,,,
3719,7,100.3,0.342,,,,,
3720,7,227.1,0.341,,,,,
3721,7,134.4,0.341,,,,,
3722,7,110.9,0.341,,,,,
3723,7,248.0,0.34,,,,,
3724,7,281.8,0.339,,,,,
3725,7,113.8,0.338,,,,,
3726,7,215.9,0.338,,,,,
3727,7,233.8,0.338,,,,,
3728,7,216.3,0.337,,,,,
3729,7,126.8,0.336,,,,,
3730,7,99.5,0.334,,,,,
3731,7,376.5,0.333,,,,,
3732,7,122.5,0.333,,,,,
3733,7,127.2,0.333,,,,,
3734,7,145.2,0.333,,,,,
3735,7,194.9,0.333,,,,,
3736,7,223.6,0.332,,,,,
3737,7,144.4,0.332,,,,,
3738,7,193.7,0.332,,,,,
3739,7,131.6,0.331,,,,,
3740,7,178.9,0.33,,,,,
3741,7,178.0,0.33,,,,,
3742,7,117.7,0.329,,,,,
3743,7,230.4,0.329,,,,,
3744,7,174.2,0.328,,,,,
3745,7,145.4,0.328,,,,,
3746,7,180.6,0.324,,,,,
3747,7,173.5,0.323,,,,,
3748,7,120.9,0.323,,,,,
3749,7,236.0,0.322,,,,,
3750,7,174.2,0.321,,,,,
3751,7,192.2,0.32,,,,,
3752,7,86.1,0.32,,,,,
3753,7,175.7,0.319,,,,,
3754,7,119.6,0.318,,,,,
3755,7,124.7,0.318,,,,,
3756,7,190.4,0.317,,,,,
3757,7,216.0,0.317,,,,,
3758,7,277.3,0.316,,,,,
3759,7,154.8,0.315,,,,,
3760,7,175.7,0.314,,,,,
3761,7,164.4,0.314,,,,,
3762,7,65.4,0.313,,,,,
3763,7,128.9,0.313,,,,,
3764,7,185.8,0.311,,,,,
3765,7,180.5,0.31,,,,,
3766,7,178.6,0.309,,,,,
3767,7,258.4,0.309,,,,,
3768,7,181.6,0.308,,,,,
3769,7,119.8,0.308,,,,,
3770,7,99.1,0.307,,,,,
3771,7,79.3,0.307,,,,,
3772,7,99.7,0.306,,,,,
3773,7,251.9,0.306,,,,,
3774,7,198.9,0.305,,,,,
3775,7,153.0,0.305,,,,,
3776,7,192.2,0.304,,,,,
3777,7,104.3,0.304,,,,,
3778,7,88.1,0.304,,,,,
3779,7,143.0,0.304,,,,,
3780,7,158.4,0.303,,,,,
3781,7,119.4,0.302,,,,,
3782,7,86.5,0.302,,,,,
3783,7,135.6,0.301,,,,,
3784,7,173.2,0.301,,,,,
3785,7,216.8,0.301,,,,,
3786,7,109.6,0.3,,,,,
