,Image ID,Length [nm],Mean per image,Confidence score,Average [nm],Standard Deviation [nm],Number Counted,Standard Error of Mean [nm],Number Density [nm^-2]
0,0,21.0,13.5,0.853,13.36,4.21,1309.0,0.12,0.0011391
1,0,20.8,13.1,0.835,,,,,0.0015416
2,0,20.7,12.9,0.823,,,,,0.001456
3,0,15.1,13.7,0.818,,,,,0.0011905
4,0,16.5,13.8,0.812,,,,,0.0011905
5,0,18.6,13.2,0.811,,,,,0.0013104
6,0,21.1,13.1,0.808,,,,,0.0013018
7,0,19.7,13.8,0.802,,,,,0.0010706
8,0,16.4,13.3,0.79,,,,,0.0010106
9,0,13.3,,0.784,,,,,
10,0,15.3,,0.781,,,,,
11,0,19.0,,0.779,,,,,
12,0,13.6,,0.774,,,,,
13,0,12.6,,0.768,,,,,
14,0,12.3,,0.763,,,,,
15,0,13.2,,0.763,,,,,
16,0,21.2,,0.756,,,,,
17,0,12.6,,0.746,,,,,
18,0,11.9,,0.741,,,,,
19,0,13.0,,0.74,,,,,
20,0,11.0,,0.739,,,,,
21,0,10.7,,0.736,,,,,
22,0,12.2,,0.731,,,,,
23,0,12.8,,0.729,,,,,
24,0,11.9,,0.728,,,,,
25,0,15.2,,0.723,,,,,
26,0,13.1,,0.715,,,,,
27,0,13.2,,0.709,,,,,
28,0,16.4,,0.708,,,,,
29,0,14.9,,0.706,,,,,
30,0,13.1,,0.706,,,,,
31,0,14.5,,0.704,,,,,
32,0,10.5,,0.703,,,,,
33,0,9.8,,0.699,,,,,
34,0,15.5,,0.694,,,,,
35,0,25.2,,0.691,,,,,
36,0,12.7,,0.691,,,,,
37,0,11.7,,0.686,,,,,
38,0,15.6,,0.683,,,,,
39,0,14.2,,0.682,,,,,
40,0,13.7,,0.678,,,,,
41,0,13.3,,0.675,,,,,
42,0,10.7,,0.675,,,,,
43,0,11.3,,0.674,,,,,
44,0,15.5,,0.673,,,,,
45,0,20.6,,0.667,,,,,
46,0,12.0,,0.66,,,,,
47,0,11.0,,0.66,,,,,
48,0,19.2,,0.657,,,,,
49,0,11.0,,0.653,,,,,
50,0,11.3,,0.651,,,,,
51,0,16.7,,0.649,,,,,
52,0,10.1,,0.648,,,,,
53,0,13.2,,0.644,,,,,
54,0,16.7,,0.644,,,,,
55,0,10.9,,0.643,,,,,
56,0,14.1,,0.642,,,,,
57,0,9.2,,0.636,,,,,
58,0,13.0,,0.627,,,,,
59,0,16.8,,0.625,,,,,
60,0,12.4,,0.612,,,,,
61,0,13.2,,0.609,,,,,
62,0,14.9,,0.609,,,,,
63,0,14.9,,0.607,,,,,
64,0,13.9,,0.605,,,,,
65,0,13.5,,0.603,,,,,
66,0,10.6,,0.592,,,,,
67,0,11.6,,0.589,,,,,
68,0,23.0,,0.589,,,,,
69,0,13.6,,0.587,,,,,
70,0,12.9,,0.585,,,,,
71,0,17.0,,0.581,,,,,
72,0,10.3,,0.57,,,,,
73,0,24.7,,0.567,,,,,
74,0,12.0,,0.563,,,,,
75,0,14.5,,0.562,,,,,
76,0,10.2,,0.548,,,,,
77,0,11.9,,0.539,,,,,
78,0,19.1,,0.529,,,,,
79,0,10.4,,0.528,,,,,
80,0,12.4,,0.518,,,,,
81,0,10.4,,0.509,,,,,
82,0,17.0,,0.505,,,,,
83,0,12.7,,0.503,,,,,
84,0,10.3,,0.495,,,,,
85,0,12.0,,0.492,,,,,
86,0,11.5,,0.485,,,,,
87,0,16.8,,0.474,,,,,
88,0,10.5,,0.47,,,,,
89,0,11.2,,0.468,,,,,
90,0,9.5,,0.467,,,,,
91,0,10.6,,0.461,,,,,
92,0,10.2,,0.447,,,,,
93,0,10.6,,0.442,,,,,
94,0,9.7,,0.435,,,,,
95,0,12.4,,0.424,,,,,
96,0,8.5,,0.414,,,,,
97,0,9.5,,0.414,,,,,
98,0,16.2,,0.413,,,,,
99,0,9.0,,0.411,,,,,
100,0,10.4,,0.409,,,,,
101,0,10.8,,0.406,,,,,
102,0,23.5,,0.405,,,,,
103,0,11.0,,0.402,,,,,
104,0,12.0,,0.399,,,,,
105,0,11.0,,0.399,,,,,
106,0,11.6,,0.396,,,,,
107,0,7.1,,0.394,,,,,
108,0,19.7,,0.392,,,,,
109,0,12.2,,0.392,,,,,
110,0,11.5,,0.391,,,,,
111,0,25.0,,0.384,,,,,
112,0,9.3,,0.376,,,,,
113,0,11.0,,0.375,,,,,
114,0,11.2,,0.374,,,,,
115,0,10.4,,0.368,,,,,
116,0,10.0,,0.367,,,,,
117,0,14.3,,0.362,,,,,
118,0,17.9,,0.357,,,,,
119,0,12.7,,0.354,,,,,
120,0,14.6,,0.344,,,,,
121,0,10.7,,0.34,,,,,
122,0,12.5,,0.335,,,,,
123,0,12.3,,0.33,,,,,
124,0,8.1,,0.329,,,,,
125,0,10.0,,0.329,,,,,
126,0,16.3,,0.324,,,,,
127,0,14.2,,0.32,,,,,
128,0,11.5,,0.312,,,,,
129,0,9.7,,0.31,,,,,
130,0,8.0,,0.308,,,,,
131,0,8.8,,0.308,,,,,
132,0,11.8,,0.306,,,,,
133,1,21.1,,0.829,,,,,
134,1,19.9,,0.828,,,,,
135,1,17.0,,0.825,,,,,
136,1,14.1,,0.822,,,,,
137,1,19.9,,0.807,,,,,
138,1,17.1,,0.805,,,,,
139,1,15.2,,0.803,,,,,
140,1,19.1,,0.801,,,,,
141,1,15.9,,0.795,,,,,
142,1,17.8,,0.793,,,,,
143,1,12.9,,0.789,,,,,
144,1,16.3,,0.789,,,,,
145,1,16.3,,0.787,,,,,
146,1,12.4,,0.782,,,,,
147,1,14.2,,0.778,,,,,
148,1,16.7,,0.772,,,,,
149,1,13.8,,0.771,,,,,
150,1,12.4,,0.766,,,,,
151,1,13.5,,0.765,,,,,
152,1,13.5,,0.764,,,,,
153,1,13.8,,0.756,,,,,
154,1,11.9,,0.75,,,,,
155,1,17.1,,0.748,,,,,
156,1,13.2,,0.742,,,,,
157,1,13.0,,0.742,,,,,
158,1,13.5,,0.74,,,,,
159,1,18.7,,0.738,,,,,
160,1,11.8,,0.737,,,,,
161,1,15.0,,0.73,,,,,
162,1,17.3,,0.728,,,,,
163,1,10.0,,0.725,,,,,
164,1,12.5,,0.724,,,,,
165,1,9.6,,0.723,,,,,
166,1,9.5,,0.721,,,,,
167,1,13.0,,0.718,,,,,
168,1,11.7,,0.718,,,,,
169,1,15.5,,0.717,,,,,
170,1,16.4,,0.704,,,,,
171,1,9.4,,0.702,,,,,
172,1,13.7,,0.696,,,,,
173,1,12.4,,0.696,,,,,
174,1,11.0,,0.693,,,,,
175,1,11.6,,0.689,,,,,
176,1,7.6,,0.685,,,,,
177,1,9.8,,0.684,,,,,
178,1,12.3,,0.682,,,,,
179,1,10.6,,0.679,,,,,
180,1,13.7,,0.678,,,,,
181,1,10.2,,0.676,,,,,
182,1,22.2,,0.674,,,,,
183,1,14.1,,0.672,,,,,
184,1,14.1,,0.67,,,,,
185,1,11.2,,0.668,,,,,
186,1,23.5,,0.667,,,,,
187,1,10.3,,0.666,,,,,
188,1,9.9,,0.666,,,,,
189,1,15.5,,0.658,,,,,
190,1,17.3,,0.656,,,,,
191,1,12.3,,0.654,,,,,
192,1,13.9,,0.653,,,,,
193,1,14.9,,0.65,,,,,
194,1,10.0,,0.65,,,,,
195,1,18.7,,0.647,,,,,
196,1,13.7,,0.646,,,,,
197,1,11.6,,0.645,,,,,
198,1,13.8,,0.643,,,,,
199,1,12.4,,0.64,,,,,
200,1,9.4,,0.639,,,,,
201,1,15.5,,0.639,,,,,
202,1,13.0,,0.634,,,,,
203,1,10.1,,0.63,,,,,
204,1,8.2,,0.629,,,,,
205,1,16.3,,0.618,,,,,
206,1,14.4,,0.614,,,,,
207,1,14.9,,0.613,,,,,
208,1,13.2,,0.613,,,,,
209,1,13.4,,0.61,,,,,
210,1,12.6,,0.603,,,,,
211,1,16.2,,0.6,,,,,
212,1,21.2,,0.595,,,,,
213,1,9.6,,0.593,,,,,
214,1,18.2,,0.591,,,,,
215,1,7.9,,0.589,,,,,
216,1,16.5,,0.587,,,,,
217,1,18.5,,0.58,,,,,
218,1,9.9,,0.579,,,,,
219,1,13.0,,0.578,,,,,
220,1,18.4,,0.574,,,,,
221,1,13.9,,0.571,,,,,
222,1,11.7,,0.563,,,,,
223,1,17.9,,0.562,,,,,
224,1,16.3,,0.559,,,,,
225,1,14.5,,0.558,,,,,
226,1,9.1,,0.552,,,,,
227,1,18.2,,0.542,,,,,
228,1,11.2,,0.541,,,,,
229,1,12.6,,0.536,,,,,
230,1,12.1,,0.535,,,,,
231,1,8.8,,0.534,,,,,
232,1,21.5,,0.533,,,,,
233,1,9.5,,0.53,,,,,
234,1,10.1,,0.528,,,,,
235,1,9.0,,0.518,,,,,
236,1,8.6,,0.513,,,,,
237,1,9.2,,0.513,,,,,
238,1,11.1,,0.501,,,,,
239,1,10.8,,0.499,,,,,
240,1,6.9,,0.496,,,,,
241,1,10.3,,0.494,,,,,
242,1,10.8,,0.493,,,,,
243,1,9.0,,0.491,,,,,
244,1,18.0,,0.487,,,,,
245,1,13.5,,0.485,,,,,
246,1,15.6,,0.484,,,,,
247,1,9.1,,0.483,,,,,
248,1,16.2,,0.479,,,,,
249,1,9.6,,0.478,,,,,
250,1,8.3,,0.478,,,,,
251,1,10.2,,0.476,,,,,
252,1,23.2,,0.474,,,,,
253,1,12.6,,0.473,,,,,
254,1,8.8,,0.472,,,,,
255,1,12.3,,0.471,,,,,
256,1,12.4,,0.465,,,,,
257,1,12.0,,0.462,,,,,
258,1,11.9,,0.461,,,,,
259,1,9.0,,0.456,,,,,
260,1,20.5,,0.454,,,,,
261,1,15.2,,0.443,,,,,
262,1,7.7,,0.442,,,,,
263,1,8.8,,0.438,,,,,
264,1,11.9,,0.435,,,,,
265,1,17.9,,0.432,,,,,
266,1,9.1,,0.432,,,,,
267,1,8.7,,0.425,,,,,
268,1,8.7,,0.425,,,,,
269,1,12.6,,0.417,,,,,
270,1,15.7,,0.413,,,,,
271,1,12.1,,0.409,,,,,
272,1,19.3,,0.407,,,,,
273,1,12.6,,0.398,,,,,
274,1,15.4,,0.396,,,,,
275,1,25.7,,0.392,,,,,
276,1,13.1,,0.387,,,,,
277,1,15.6,,0.384,,,,,
278,1,15.7,,0.382,,,,,
279,1,10.4,,0.38,,,,,
280,1,10.5,,0.38,,,,,
281,1,14.6,,0.38,,,,,
282,1,6.8,,0.378,,,,,
283,1,14.1,,0.371,,,,,
284,1,10.9,,0.371,,,,,
285,1,9.5,,0.367,,,,,
286,1,9.4,,0.36,,,,,
287,1,17.9,,0.357,,,,,
288,1,9.1,,0.357,,,,,
289,1,8.1,,0.357,,,,,
290,1,10.5,,0.355,,,,,
291,1,11.0,,0.351,,,,,
292,1,9.8,,0.345,,,,,
293,1,9.6,,0.339,,,,,
294,1,13.9,,0.336,,,,,
295,1,11.0,,0.334,,,,,
296,1,7.2,,0.332,,,,,
297,1,14.8,,0.332,,,,,
298,1,11.6,,0.331,,,,,
299,1,13.6,,0.331,,,,,
300,1,11.9,,0.33,,,,,
301,1,12.8,,0.329,,,,,
302,1,12.0,,0.327,,,,,
303,1,7.4,,0.327,,,,,
304,1,11.2,,0.323,,,,,
305,1,11.9,,0.322,,,,,
306,1,11.5,,0.318,,,,,
307,1,8.1,,0.317,,,,,
308,1,11.1,,0.317,,,,,
309,1,11.6,,0.315,,,,,
310,1,14.5,,0.314,,,,,
311,1,12.4,,0.31,,,,,
312,1,9.5,,0.309,,,,,
313,2,21.7,,0.86,,,,,
314,2,14.0,,0.847,,,,,
315,2,20.1,,0.847,,,,,
316,2,18.3,,0.84,,,,,
317,2,13.2,,0.823,,,,,
318,2,16.4,,0.821,,,,,
319,2,17.4,,0.817,,,,,
320,2,15.5,,0.811,,,,,
321,2,14.8,,0.808,,,,,
322,2,12.8,,0.804,,,,,
323,2,18.8,,0.8,,,,,
324,2,18.8,,0.798,,,,,
325,2,17.6,,0.795,,,,,
326,2,17.8,,0.791,,,,,
327,2,13.1,,0.789,,,,,
328,2,18.5,,0.787,,,,,
329,2,15.1,,0.784,,,,,
330,2,11.7,,0.784,,,,,
331,2,19.8,,0.773,,,,,
332,2,26.9,,0.771,,,,,
333,2,14.9,,0.77,,,,,
334,2,12.5,,0.763,,,,,
335,2,11.8,,0.761,,,,,
336,2,19.6,,0.761,,,,,
337,2,14.7,,0.757,,,,,
338,2,20.4,,0.747,,,,,
339,2,11.9,,0.745,,,,,
340,2,10.0,,0.744,,,,,
341,2,18.7,,0.741,,,,,
342,2,10.6,,0.739,,,,,
343,2,9.7,,0.732,,,,,
344,2,10.5,,0.732,,,,,
345,2,9.0,,0.721,,,,,
346,2,12.6,,0.721,,,,,
347,2,15.2,,0.717,,,,,
348,2,11.3,,0.717,,,,,
349,2,12.0,,0.713,,,,,
350,2,14.3,,0.713,,,,,
351,2,13.1,,0.711,,,,,
352,2,11.0,,0.706,,,,,
353,2,9.8,,0.703,,,,,
354,2,12.4,,0.696,,,,,
355,2,15.7,,0.696,,,,,
356,2,17.2,,0.69,,,,,
357,2,12.4,,0.69,,,,,
358,2,10.5,,0.69,,,,,
359,2,10.7,,0.69,,,,,
360,2,9.7,,0.688,,,,,
361,2,11.2,,0.687,,,,,
362,2,10.9,,0.682,,,,,
363,2,19.8,,0.674,,,,,
364,2,12.2,,0.67,,,,,
365,2,23.5,,0.669,,,,,
366,2,16.0,,0.665,,,,,
367,2,16.1,,0.664,,,,,
368,2,9.3,,0.653,,,,,
369,2,12.8,,0.651,,,,,
370,2,14.5,,0.65,,,,,
371,2,17.2,,0.646,,,,,
372,2,8.7,,0.646,,,,,
373,2,21.4,,0.641,,,,,
374,2,21.8,,0.637,,,,,
375,2,11.8,,0.636,,,,,
376,2,11.6,,0.632,,,,,
377,2,11.0,,0.631,,,,,
378,2,10.0,,0.631,,,,,
379,2,14.8,,0.628,,,,,
380,2,11.8,,0.624,,,,,
381,2,11.4,,0.621,,,,,
382,2,9.1,,0.619,,,,,
383,2,13.9,,0.618,,,,,
384,2,11.9,,0.618,,,,,
385,2,9.1,,0.616,,,,,
386,2,19.3,,0.612,,,,,
387,2,9.6,,0.606,,,,,
388,2,18.3,,0.606,,,,,
389,2,14.6,,0.606,,,,,
390,2,9.9,,0.605,,,,,
391,2,14.0,,0.602,,,,,
392,2,11.2,,0.601,,,,,
393,2,9.7,,0.597,,,,,
394,2,15.3,,0.596,,,,,
395,2,8.4,,0.579,,,,,
396,2,12.9,,0.569,,,,,
397,2,12.6,,0.569,,,,,
398,2,11.9,,0.561,,,,,
399,2,9.2,,0.554,,,,,
400,2,10.8,,0.553,,,,,
401,2,12.0,,0.549,,,,,
402,2,11.9,,0.544,,,,,
403,2,10.8,,0.54,,,,,
404,2,18.0,,0.539,,,,,
405,2,12.9,,0.537,,,,,
406,2,12.0,,0.531,,,,,
407,2,12.4,,0.529,,,,,
408,2,13.1,,0.526,,,,,
409,2,11.6,,0.52,,,,,
410,2,12.6,,0.519,,,,,
411,2,11.2,,0.516,,,,,
412,2,10.7,,0.514,,,,,
413,2,8.3,,0.508,,,,,
414,2,9.6,,0.508,,,,,
415,2,10.0,,0.506,,,,,
416,2,16.1,,0.504,,,,,
417,2,19.7,,0.504,,,,,
418,2,13.5,,0.503,,,,,
419,2,16.0,,0.498,,,,,
420,2,7.8,,0.491,,,,,
421,2,12.2,,0.487,,,,,
422,2,13.1,,0.486,,,,,
423,2,14.0,,0.484,,,,,
424,2,11.3,,0.484,,,,,
425,2,16.6,,0.483,,,,,
426,2,15.5,,0.482,,,,,
427,2,13.1,,0.471,,,,,
428,2,7.9,,0.47,,,,,
429,2,10.4,,0.463,,,,,
430,2,10.0,,0.455,,,,,
431,2,10.4,,0.454,,,,,
432,2,20.6,,0.453,,,,,
433,2,8.2,,0.447,,,,,
434,2,9.8,,0.446,,,,,
435,2,11.1,,0.444,,,,,
436,2,8.9,,0.444,,,,,
437,2,14.2,,0.44,,,,,
438,2,12.6,,0.436,,,,,
439,2,8.3,,0.423,,,,,
440,2,10.0,,0.42,,,,,
441,2,10.5,,0.419,,,,,
442,2,10.9,,0.418,,,,,
443,2,8.2,,0.413,,,,,
444,2,10.6,,0.411,,,,,
445,2,10.4,,0.406,,,,,
446,2,11.5,,0.401,,,,,
447,2,10.9,,0.4,,,,,
448,2,9.8,,0.396,,,,,
449,2,8.3,,0.388,,,,,
450,2,9.0,,0.379,,,,,
451,2,10.4,,0.377,,,,,
452,2,6.3,,0.373,,,,,
453,2,9.8,,0.372,,,,,
454,2,10.3,,0.371,,,,,
455,2,13.0,,0.37,,,,,
456,2,8.6,,0.363,,,,,
457,2,12.0,,0.362,,,,,
458,2,15.2,,0.36,,,,,
459,2,18.6,,0.359,,,,,
460,2,7.7,,0.355,,,,,
461,2,15.7,,0.35,,,,,
462,2,10.6,,0.349,,,,,
463,2,5.9,,0.347,,,,,
464,2,18.2,,0.339,,,,,
465,2,8.7,,0.337,,,,,
466,2,9.9,,0.335,,,,,
467,2,12.2,,0.327,,,,,
468,2,9.9,,0.325,,,,,
469,2,6.6,,0.319,,,,,
470,2,22.4,,0.318,,,,,
471,2,10.9,,0.316,,,,,
472,2,13.7,,0.314,,,,,
473,2,10.1,,0.314,,,,,
474,2,12.0,,0.302,,,,,
475,2,13.2,,0.294,,,,,
476,2,15.9,,0.292,,,,,
477,2,10.3,,0.292,,,,,
478,2,12.3,,0.288,,,,,
479,2,13.6,,0.286,,,,,
480,2,9.9,,0.284,,,,,
481,2,6.5,,0.282,,,,,
482,2,12.7,,0.279,,,,,
483,3,35.4,,0.857,,,,,
484,3,23.4,,0.84,,,,,
485,3,15.0,,0.831,,,,,
486,3,21.0,,0.824,,,,,
487,3,17.1,,0.811,,,,,
488,3,23.4,,0.807,,,,,
489,3,18.0,,0.792,,,,,
490,3,17.2,,0.789,,,,,
491,3,10.5,,0.787,,,,,
492,3,43.9,,0.774,,,,,
493,3,21.0,,0.773,,,,,
494,3,14.0,,0.772,,,,,
495,3,20.2,,0.764,,,,,
496,3,15.0,,0.762,,,,,
497,3,17.9,,0.758,,,,,
498,3,10.9,,0.757,,,,,
499,3,15.0,,0.756,,,,,
500,3,16.3,,0.749,,,,,
501,3,12.9,,0.744,,,,,
502,3,19.0,,0.744,,,,,
503,3,12.9,,0.74,,,,,
504,3,14.8,,0.73,,,,,
505,3,20.2,,0.729,,,,,
506,3,13.5,,0.72,,,,,
507,3,11.7,,0.718,,,,,
508,3,19.3,,0.716,,,,,
509,3,10.4,,0.715,,,,,
510,3,16.6,,0.712,,,,,
511,3,13.5,,0.707,,,,,
512,3,26.1,,0.705,,,,,
513,3,13.6,,0.698,,,,,
514,3,9.3,,0.685,,,,,
515,3,20.4,,0.675,,,,,
516,3,12.9,,0.667,,,,,
517,3,9.2,,0.664,,,,,
518,3,14.1,,0.65,,,,,
519,3,9.6,,0.649,,,,,
520,3,27.6,,0.648,,,,,
521,3,17.1,,0.644,,,,,
522,3,11.3,,0.643,,,,,
523,3,13.1,,0.642,,,,,
524,3,10.6,,0.641,,,,,
525,3,10.4,,0.64,,,,,
526,3,11.6,,0.639,,,,,
527,3,10.4,,0.638,,,,,
528,3,13.0,,0.633,,,,,
529,3,9.8,,0.63,,,,,
530,3,13.8,,0.63,,,,,
531,3,12.8,,0.629,,,,,
532,3,13.9,,0.624,,,,,
533,3,10.5,,0.622,,,,,
534,3,9.6,,0.618,,,,,
535,3,12.4,,0.618,,,,,
536,3,8.0,,0.615,,,,,
537,3,12.8,,0.614,,,,,
538,3,13.0,,0.61,,,,,
539,3,8.8,,0.607,,,,,
540,3,11.1,,0.604,,,,,
541,3,15.2,,0.602,,,,,
542,3,19.0,,0.601,,,,,
543,3,10.0,,0.593,,,,,
544,3,9.9,,0.59,,,,,
545,3,9.8,,0.587,,,,,
546,3,9.9,,0.586,,,,,
547,3,8.9,,0.58,,,,,
548,3,8.8,,0.577,,,,,
549,3,16.2,,0.576,,,,,
550,3,10.3,,0.575,,,,,
551,3,13.9,,0.569,,,,,
552,3,11.7,,0.569,,,,,
553,3,11.1,,0.567,,,,,
554,3,10.8,,0.567,,,,,
555,3,15.9,,0.563,,,,,
556,3,10.4,,0.561,,,,,
557,3,12.6,,0.557,,,,,
558,3,13.4,,0.554,,,,,
559,3,17.2,,0.554,,,,,
560,3,13.4,,0.551,,,,,
561,3,11.3,,0.549,,,,,
562,3,11.2,,0.546,,,,,
563,3,12.6,,0.542,,,,,
564,3,16.1,,0.54,,,,,
565,3,16.3,,0.536,,,,,
566,3,8.9,,0.519,,,,,
567,3,15.1,,0.516,,,,,
568,3,11.1,,0.514,,,,,
569,3,12.4,,0.509,,,,,
570,3,10.1,,0.508,,,,,
571,3,15.8,,0.504,,,,,
572,3,8.7,,0.503,,,,,
573,3,12.1,,0.502,,,,,
574,3,10.7,,0.501,,,,,
575,3,10.5,,0.498,,,,,
576,3,9.7,,0.497,,,,,
577,3,13.4,,0.493,,,,,
578,3,7.7,,0.48,,,,,
579,3,13.8,,0.48,,,,,
580,3,9.6,,0.477,,,,,
581,3,9.1,,0.456,,,,,
582,3,11.3,,0.455,,,,,
583,3,17.8,,0.455,,,,,
584,3,14.7,,0.449,,,,,
585,3,12.8,,0.448,,,,,
586,3,8.6,,0.447,,,,,
587,3,8.7,,0.441,,,,,
588,3,5.3,,0.435,,,,,
589,3,10.6,,0.428,,,,,
590,3,7.8,,0.423,,,,,
591,3,18.2,,0.422,,,,,
592,3,9.9,,0.421,,,,,
593,3,8.4,,0.421,,,,,
594,3,17.2,,0.421,,,,,
595,3,23.0,,0.409,,,,,
596,3,11.3,,0.397,,,,,
597,3,7.7,,0.393,,,,,
598,3,10.6,,0.392,,,,,
599,3,11.8,,0.385,,,,,
600,3,14.8,,0.38,,,,,
601,3,10.4,,0.375,,,,,
602,3,12.5,,0.372,,,,,
603,3,11.4,,0.367,,,,,
604,3,9.9,,0.366,,,,,
605,3,26.4,,0.363,,,,,
606,3,18.9,,0.36,,,,,
607,3,8.7,,0.359,,,,,
608,3,17.3,,0.352,,,,,
609,3,15.6,,0.351,,,,,
610,3,11.0,,0.348,,,,,
611,3,10.2,,0.345,,,,,
612,3,10.7,,0.342,,,,,
613,3,13.0,,0.341,,,,,
614,3,11.9,,0.332,,,,,
615,3,16.4,,0.332,,,,,
616,3,17.9,,0.326,,,,,
617,3,14.1,,0.324,,,,,
618,3,16.0,,0.324,,,,,
619,3,8.2,,0.315,,,,,
620,3,12.9,,0.314,,,,,
621,3,11.2,,0.314,,,,,
622,4,16.4,,0.832,,,,,
623,4,20.2,,0.827,,,,,
624,4,29.8,,0.821,,,,,
625,4,16.4,,0.818,,,,,
626,4,14.5,,0.811,,,,,
627,4,15.5,,0.81,,,,,
628,4,16.4,,0.808,,,,,
629,4,20.6,,0.808,,,,,
630,4,14.3,,0.804,,,,,
631,4,21.3,,0.795,,,,,
632,4,17.2,,0.794,,,,,
633,4,17.5,,0.782,,,,,
634,4,13.9,,0.779,,,,,
635,4,15.3,,0.776,,,,,
636,4,14.6,,0.774,,,,,
637,4,15.1,,0.773,,,,,
638,4,14.4,,0.773,,,,,
639,4,9.9,,0.772,,,,,
640,4,11.7,,0.771,,,,,
641,4,22.2,,0.768,,,,,
642,4,14.3,,0.762,,,,,
643,4,18.4,,0.761,,,,,
644,4,12.3,,0.761,,,,,
645,4,15.8,,0.758,,,,,
646,4,12.9,,0.756,,,,,
647,4,16.7,,0.756,,,,,
648,4,14.0,,0.755,,,,,
649,4,17.8,,0.752,,,,,
650,4,11.9,,0.751,,,,,
651,4,10.1,,0.751,,,,,
652,4,18.9,,0.746,,,,,
653,4,18.5,,0.743,,,,,
654,4,14.9,,0.736,,,,,
655,4,17.4,,0.73,,,,,
656,4,26.3,,0.726,,,,,
657,4,15.8,,0.726,,,,,
658,4,16.2,,0.726,,,,,
659,4,11.6,,0.725,,,,,
660,4,24.1,,0.723,,,,,
661,4,16.2,,0.72,,,,,
662,4,9.6,,0.708,,,,,
663,4,16.8,,0.706,,,,,
664,4,13.1,,0.703,,,,,
665,4,14.6,,0.697,,,,,
666,4,15.1,,0.697,,,,,
667,4,12.5,,0.693,,,,,
668,4,14.3,,0.693,,,,,
669,4,16.4,,0.689,,,,,
670,4,17.9,,0.688,,,,,
671,4,14.6,,0.681,,,,,
672,4,7.6,,0.679,,,,,
673,4,12.6,,0.674,,,,,
674,4,12.5,,0.673,,,,,
675,4,11.4,,0.67,,,,,
676,4,13.1,,0.666,,,,,
677,4,14.5,,0.663,,,,,
678,4,14.6,,0.662,,,,,
679,4,11.8,,0.659,,,,,
680,4,10.7,,0.653,,,,,
681,4,10.5,,0.65,,,,,
682,4,10.5,,0.65,,,,,
683,4,20.8,,0.649,,,,,
684,4,10.2,,0.629,,,,,
685,4,15.6,,0.627,,,,,
686,4,9.7,,0.626,,,,,
687,4,11.9,,0.619,,,,,
688,4,8.5,,0.608,,,,,
689,4,14.1,,0.608,,,,,
690,4,14.4,,0.607,,,,,
691,4,10.5,,0.607,,,,,
692,4,9.1,,0.602,,,,,
693,4,13.6,,0.598,,,,,
694,4,13.6,,0.596,,,,,
695,4,8.5,,0.592,,,,,
696,4,8.8,,0.59,,,,,
697,4,14.5,,0.59,,,,,
698,4,8.3,,0.581,,,,,
699,4,9.6,,0.58,,,,,
700,4,11.3,,0.575,,,,,
701,4,13.6,,0.563,,,,,
702,4,12.4,,0.559,,,,,
703,4,11.5,,0.551,,,,,
704,4,9.6,,0.55,,,,,
705,4,15.7,,0.544,,,,,
706,4,8.9,,0.536,,,,,
707,4,6.8,,0.536,,,,,
708,4,10.0,,0.536,,,,,
709,4,13.0,,0.535,,,,,
710,4,18.1,,0.535,,,,,
711,4,9.6,,0.533,,,,,
712,4,11.4,,0.528,,,,,
713,4,17.9,,0.523,,,,,
714,4,12.4,,0.505,,,,,
715,4,11.9,,0.499,,,,,
716,4,9.7,,0.491,,,,,
717,4,15.0,,0.481,,,,,
718,4,19.0,,0.48,,,,,
719,4,8.9,,0.477,,,,,
720,4,25.8,,0.477,,,,,
721,4,12.2,,0.473,,,,,
722,4,19.4,,0.469,,,,,
723,4,8.8,,0.467,,,,,
724,4,5.9,,0.464,,,,,
725,4,10.1,,0.457,,,,,
726,4,12.4,,0.455,,,,,
727,4,7.6,,0.448,,,,,
728,4,24.8,,0.446,,,,,
729,4,17.1,,0.442,,,,,
730,4,9.0,,0.44,,,,,
731,4,10.8,,0.44,,,,,
732,4,10.4,,0.435,,,,,
733,4,10.6,,0.429,,,,,
734,4,13.3,,0.424,,,,,
735,4,8.0,,0.422,,,,,
736,4,10.4,,0.42,,,,,
737,4,33.7,,0.415,,,,,
738,4,10.9,,0.406,,,,,
739,4,10.2,,0.404,,,,,
740,4,8.8,,0.401,,,,,
741,4,10.6,,0.399,,,,,
742,4,9.4,,0.396,,,,,
743,4,13.3,,0.386,,,,,
744,4,16.0,,0.368,,,,,
745,4,14.3,,0.362,,,,,
746,4,14.7,,0.362,,,,,
747,4,7.1,,0.36,,,,,
748,4,18.4,,0.358,,,,,
749,4,14.6,,0.353,,,,,
750,4,12.4,,0.352,,,,,
751,4,11.7,,0.352,,,,,
752,4,10.2,,0.342,,,,,
753,4,14.8,,0.34,,,,,
754,4,8.2,,0.335,,,,,
755,4,15.4,,0.327,,,,,
756,4,11.4,,0.326,,,,,
757,4,23.8,,0.324,,,,,
758,4,12.5,,0.322,,,,,
759,4,8.1,,0.316,,,,,
760,4,8.5,,0.313,,,,,
761,5,17.5,,0.844,,,,,
762,5,20.9,,0.844,,,,,
763,5,18.3,,0.836,,,,,
764,5,16.5,,0.835,,,,,
765,5,18.7,,0.835,,,,,
766,5,13.6,,0.829,,,,,
767,5,18.8,,0.825,,,,,
768,5,19.5,,0.825,,,,,
769,5,19.5,,0.823,,,,,
770,5,22.8,,0.818,,,,,
771,5,11.4,,0.81,,,,,
772,5,15.5,,0.806,,,,,
773,5,13.1,,0.805,,,,,
774,5,16.3,,0.805,,,,,
775,5,14.3,,0.798,,,,,
776,5,13.3,,0.796,,,,,
777,5,17.7,,0.796,,,,,
778,5,13.8,,0.794,,,,,
779,5,19.4,,0.793,,,,,
780,5,18.9,,0.789,,,,,
781,5,11.6,,0.788,,,,,
782,5,15.9,,0.788,,,,,
783,5,16.1,,0.783,,,,,
784,5,15.4,,0.782,,,,,
785,5,15.4,,0.781,,,,,
786,5,18.2,,0.778,,,,,
787,5,14.6,,0.775,,,,,
788,5,14.9,,0.773,,,,,
789,5,12.6,,0.766,,,,,
790,5,18.7,,0.766,,,,,
791,5,16.9,,0.765,,,,,
792,5,16.2,,0.762,,,,,
793,5,12.6,,0.747,,,,,
794,5,14.6,,0.746,,,,,
795,5,18.3,,0.745,,,,,
796,5,28.2,,0.744,,,,,
797,5,14.2,,0.741,,,,,
798,5,16.1,,0.74,,,,,
799,5,14.9,,0.736,,,,,
800,5,20.4,,0.728,,,,,
801,5,13.1,,0.727,,,,,
802,5,17.1,,0.722,,,,,
803,5,12.3,,0.716,,,,,
804,5,12.7,,0.714,,,,,
805,5,11.2,,0.71,,,,,
806,5,11.1,,0.706,,,,,
807,5,14.9,,0.704,,,,,
808,5,11.0,,0.703,,,,,
809,5,11.1,,0.701,,,,,
810,5,11.6,,0.693,,,,,
811,5,8.7,,0.687,,,,,
812,5,13.0,,0.684,,,,,
813,5,12.0,,0.684,,,,,
814,5,23.4,,0.678,,,,,
815,5,13.4,,0.677,,,,,
816,5,17.2,,0.676,,,,,
817,5,12.9,,0.675,,,,,
818,5,10.8,,0.67,,,,,
819,5,16.9,,0.658,,,,,
820,5,11.1,,0.658,,,,,
821,5,14.1,,0.655,,,,,
822,5,10.0,,0.652,,,,,
823,5,15.6,,0.651,,,,,
824,5,14.0,,0.643,,,,,
825,5,9.4,,0.639,,,,,
826,5,12.6,,0.635,,,,,
827,5,9.4,,0.634,,,,,
828,5,10.8,,0.628,,,,,
829,5,14.2,,0.627,,,,,
830,5,13.5,,0.619,,,,,
831,5,10.7,,0.618,,,,,
832,5,11.3,,0.609,,,,,
833,5,11.4,,0.587,,,,,
834,5,7.8,,0.584,,,,,
835,5,19.2,,0.583,,,,,
836,5,11.2,,0.583,,,,,
837,5,15.0,,0.582,,,,,
838,5,11.8,,0.581,,,,,
839,5,11.3,,0.581,,,,,
840,5,9.9,,0.581,,,,,
841,5,11.7,,0.569,,,,,
842,5,15.0,,0.568,,,,,
843,5,21.8,,0.568,,,,,
844,5,9.0,,0.567,,,,,
845,5,11.4,,0.56,,,,,
846,5,15.7,,0.556,,,,,
847,5,10.6,,0.549,,,,,
848,5,9.0,,0.539,,,,,
849,5,9.6,,0.535,,,,,
850,5,12.7,,0.534,,,,,
851,5,15.2,,0.533,,,,,
852,5,10.9,,0.532,,,,,
853,5,10.2,,0.526,,,,,
854,5,9.5,,0.525,,,,,
855,5,14.8,,0.523,,,,,
856,5,9.2,,0.522,,,,,
857,5,7.3,,0.522,,,,,
858,5,11.2,,0.521,,,,,
859,5,11.8,,0.52,,,,,
860,5,11.0,,0.52,,,,,
861,5,9.1,,0.518,,,,,
862,5,15.1,,0.506,,,,,
863,5,8.4,,0.503,,,,,
864,5,11.7,,0.498,,,,,
865,5,14.8,,0.493,,,,,
866,5,10.4,,0.492,,,,,
867,5,9.1,,0.488,,,,,
868,5,9.8,,0.486,,,,,
869,5,20.4,,0.485,,,,,
870,5,14.0,,0.485,,,,,
871,5,16.4,,0.481,,,,,
872,5,12.1,,0.478,,,,,
873,5,11.3,,0.477,,,,,
874,5,14.1,,0.474,,,,,
875,5,18.8,,0.474,,,,,
876,5,7.1,,0.472,,,,,
877,5,12.6,,0.46,,,,,
878,5,9.7,,0.459,,,,,
879,5,14.1,,0.458,,,,,
880,5,22.2,,0.457,,,,,
881,5,14.7,,0.449,,,,,
882,5,11.7,,0.448,,,,,
883,5,10.0,,0.446,,,,,
884,5,9.8,,0.443,,,,,
885,5,13.4,,0.442,,,,,
886,5,8.0,,0.434,,,,,
887,5,16.2,,0.426,,,,,
888,5,8.4,,0.41,,,,,
889,5,5.7,,0.394,,,,,
890,5,6.1,,0.389,,,,,
891,5,15.2,,0.388,,,,,
892,5,13.7,,0.388,,,,,
893,5,17.5,,0.382,,,,,
894,5,9.8,,0.377,,,,,
895,5,7.2,,0.377,,,,,
896,5,6.1,,0.374,,,,,
897,5,8.1,,0.369,,,,,
898,5,7.4,,0.369,,,,,
899,5,8.6,,0.36,,,,,
900,5,15.4,,0.35,,,,,
901,5,18.2,,0.35,,,,,
902,5,5.7,,0.349,,,,,
903,5,11.4,,0.349,,,,,
904,5,9.1,,0.345,,,,,
905,5,7.3,,0.345,,,,,
906,5,13.1,,0.342,,,,,
907,5,9.6,,0.339,,,,,
908,5,10.4,,0.329,,,,,
909,5,10.6,,0.329,,,,,
910,5,6.6,,0.326,,,,,
911,5,8.6,,0.323,,,,,
912,5,10.3,,0.32,,,,,
913,5,7.2,,0.313,,,,,
914,6,42.3,,0.902,,,,,
915,6,24.8,,0.865,,,,,
916,6,17.7,,0.829,,,,,
917,6,17.6,,0.813,,,,,
918,6,13.5,,0.813,,,,,
919,6,14.6,,0.809,,,,,
920,6,16.5,,0.805,,,,,
921,6,15.4,,0.8,,,,,
922,6,13.4,,0.8,,,,,
923,6,16.6,,0.798,,,,,
924,6,15.5,,0.795,,,,,
925,6,18.6,,0.791,,,,,
926,6,12.4,,0.787,,,,,
927,6,16.1,,0.785,,,,,
928,6,16.9,,0.785,,,,,
929,6,18.0,,0.782,,,,,
930,6,23.2,,0.781,,,,,
931,6,15.1,,0.776,,,,,
932,6,12.2,,0.771,,,,,
933,6,16.4,,0.766,,,,,
934,6,14.9,,0.762,,,,,
935,6,10.8,,0.755,,,,,
936,6,11.3,,0.753,,,,,
937,6,16.0,,0.748,,,,,
938,6,14.6,,0.748,,,,,
939,6,14.7,,0.747,,,,,
940,6,19.2,,0.744,,,,,
941,6,11.3,,0.741,,,,,
942,6,9.6,,0.739,,,,,
943,6,16.7,,0.736,,,,,
944,6,9.5,,0.734,,,,,
945,6,15.2,,0.728,,,,,
946,6,20.0,,0.723,,,,,
947,6,14.4,,0.723,,,,,
948,6,10.3,,0.723,,,,,
949,6,10.6,,0.72,,,,,
950,6,12.7,,0.719,,,,,
951,6,9.3,,0.709,,,,,
952,6,17.7,,0.707,,,,,
953,6,14.2,,0.705,,,,,
954,6,10.6,,0.703,,,,,
955,6,10.8,,0.702,,,,,
956,6,13.6,,0.702,,,,,
957,6,15.1,,0.7,,,,,
958,6,10.5,,0.7,,,,,
959,6,13.7,,0.696,,,,,
960,6,17.4,,0.695,,,,,
961,6,14.6,,0.687,,,,,
962,6,11.9,,0.687,,,,,
963,6,9.5,,0.686,,,,,
964,6,15.1,,0.679,,,,,
965,6,10.0,,0.675,,,,,
966,6,13.2,,0.674,,,,,
967,6,9.6,,0.669,,,,,
968,6,12.4,,0.669,,,,,
969,6,9.7,,0.665,,,,,
970,6,9.8,,0.661,,,,,
971,6,12.4,,0.66,,,,,
972,6,10.0,,0.649,,,,,
973,6,8.0,,0.648,,,,,
974,6,10.3,,0.646,,,,,
975,6,14.4,,0.645,,,,,
976,6,9.6,,0.644,,,,,
977,6,18.3,,0.632,,,,,
978,6,16.5,,0.628,,,,,
979,6,8.4,,0.627,,,,,
980,6,17.6,,0.621,,,,,
981,6,13.0,,0.619,,,,,
982,6,10.2,,0.616,,,,,
983,6,14.9,,0.61,,,,,
984,6,12.1,,0.609,,,,,
985,6,7.2,,0.607,,,,,
986,6,10.2,,0.593,,,,,
987,6,14.7,,0.593,,,,,
988,6,12.7,,0.592,,,,,
989,6,10.4,,0.592,,,,,
990,6,13.7,,0.588,,,,,
991,6,13.2,,0.587,,,,,
992,6,12.4,,0.58,,,,,
993,6,10.1,,0.578,,,,,
994,6,15.2,,0.574,,,,,
995,6,18.2,,0.573,,,,,
996,6,10.4,,0.567,,,,,
997,6,21.5,,0.554,,,,,
998,6,14.5,,0.548,,,,,
999,6,9.1,,0.54,,,,,
1000,6,9.9,,0.539,,,,,
1001,6,15.7,,0.539,,,,,
1002,6,13.4,,0.534,,,,,
1003,6,6.5,,0.528,,,,,
1004,6,13.0,,0.525,,,,,
1005,6,11.1,,0.521,,,,,
1006,6,10.3,,0.52,,,,,
1007,6,18.3,,0.52,,,,,
1008,6,12.5,,0.519,,,,,
1009,6,13.2,,0.517,,,,,
1010,6,9.1,,0.51,,,,,
1011,6,11.8,,0.509,,,,,
1012,6,14.0,,0.507,,,,,
1013,6,9.5,,0.505,,,,,
1014,6,8.5,,0.505,,,,,
1015,6,11.8,,0.498,,,,,
1016,6,11.8,,0.498,,,,,
1017,6,6.8,,0.496,,,,,
1018,6,10.0,,0.495,,,,,
1019,6,14.5,,0.494,,,,,
1020,6,13.8,,0.489,,,,,
1021,6,9.2,,0.488,,,,,
1022,6,13.2,,0.481,,,,,
1023,6,10.8,,0.481,,,,,
1024,6,15.1,,0.476,,,,,
1025,6,11.9,,0.464,,,,,
1026,6,10.4,,0.463,,,,,
1027,6,10.7,,0.459,,,,,
1028,6,14.4,,0.456,,,,,
1029,6,16.4,,0.454,,,,,
1030,6,8.6,,0.447,,,,,
1031,6,10.4,,0.441,,,,,
1032,6,7.6,,0.44,,,,,
1033,6,8.1,,0.437,,,,,
1034,6,7.7,,0.436,,,,,
1035,6,9.3,,0.422,,,,,
1036,6,11.4,,0.419,,,,,
1037,6,15.3,,0.419,,,,,
1038,6,13.7,,0.418,,,,,
1039,6,8.1,,0.415,,,,,
1040,6,9.0,,0.415,,,,,
1041,6,8.5,,0.408,,,,,
1042,6,9.7,,0.407,,,,,
1043,6,14.6,,0.404,,,,,
1044,6,8.0,,0.403,,,,,
1045,6,12.7,,0.396,,,,,
1046,6,8.6,,0.395,,,,,
1047,6,10.9,,0.392,,,,,
1048,6,9.1,,0.39,,,,,
1049,6,12.5,,0.39,,,,,
1050,6,20.8,,0.384,,,,,
1051,6,11.9,,0.384,,,,,
1052,6,16.4,,0.371,,,,,
1053,6,9.2,,0.364,,,,,
1054,6,11.9,,0.364,,,,,
1055,6,7.7,,0.362,,,,,
1056,6,9.6,,0.353,,,,,
1057,6,11.1,,0.35,,,,,
1058,6,14.7,,0.345,,,,,
1059,6,21.7,,0.339,,,,,
1060,6,8.4,,0.336,,,,,
1061,6,32.4,,0.335,,,,,
1062,6,9.8,,0.332,,,,,
1063,6,8.4,,0.329,,,,,
1064,6,11.2,,0.329,,,,,
1065,6,23.8,,0.318,,,,,
1066,7,17.5,,0.835,,,,,
1067,7,17.9,,0.826,,,,,
1068,7,18.6,,0.82,,,,,
1069,7,22.1,,0.818,,,,,
1070,7,15.4,,0.807,,,,,
1071,7,28.6,,0.806,,,,,
1072,7,17.6,,0.805,,,,,
1073,7,18.2,,0.802,,,,,
1074,7,12.3,,0.797,,,,,
1075,7,15.4,,0.797,,,,,
1076,7,20.0,,0.795,,,,,
1077,7,17.5,,0.793,,,,,
1078,7,26.0,,0.791,,,,,
1079,7,22.4,,0.789,,,,,
1080,7,12.4,,0.786,,,,,
1081,7,17.4,,0.78,,,,,
1082,7,19.2,,0.771,,,,,
1083,7,17.7,,0.763,,,,,
1084,7,14.9,,0.763,,,,,
1085,7,24.4,,0.759,,,,,
1086,7,14.2,,0.756,,,,,
1087,7,19.8,,0.756,,,,,
1088,7,11.0,,0.753,,,,,
1089,7,12.8,,0.744,,,,,
1090,7,11.7,,0.739,,,,,
1091,7,15.9,,0.739,,,,,
1092,7,9.6,,0.739,,,,,
1093,7,15.0,,0.737,,,,,
1094,7,20.7,,0.736,,,,,
1095,7,14.1,,0.734,,,,,
1096,7,13.1,,0.732,,,,,
1097,7,11.8,,0.723,,,,,
1098,7,14.7,,0.712,,,,,
1099,7,14.0,,0.711,,,,,
1100,7,21.9,,0.706,,,,,
1101,7,15.2,,0.704,,,,,
1102,7,14.8,,0.697,,,,,
1103,7,16.7,,0.686,,,,,
1104,7,12.6,,0.662,,,,,
1105,7,11.7,,0.661,,,,,
1106,7,13.4,,0.66,,,,,
1107,7,7.9,,0.654,,,,,
1108,7,10.9,,0.642,,,,,
1109,7,8.7,,0.64,,,,,
1110,7,16.8,,0.626,,,,,
1111,7,15.7,,0.618,,,,,
1112,7,11.2,,0.616,,,,,
1113,7,17.1,,0.61,,,,,
1114,7,15.1,,0.607,,,,,
1115,7,10.5,,0.606,,,,,
1116,7,12.2,,0.605,,,,,
1117,7,12.3,,0.604,,,,,
1118,7,10.5,,0.599,,,,,
1119,7,15.6,,0.598,,,,,
1120,7,21.8,,0.595,,,,,
1121,7,16.4,,0.592,,,,,
1122,7,18.1,,0.59,,,,,
1123,7,10.5,,0.588,,,,,
1124,7,16.9,,0.586,,,,,
1125,7,16.2,,0.581,,,,,
1126,7,16.9,,0.579,,,,,
1127,7,8.1,,0.575,,,,,
1128,7,10.4,,0.572,,,,,
1129,7,10.9,,0.565,,,,,
1130,7,11.0,,0.553,,,,,
1131,7,10.3,,0.546,,,,,
1132,7,14.3,,0.545,,,,,
1133,7,10.9,,0.538,,,,,
1134,7,10.4,,0.531,,,,,
1135,7,13.0,,0.53,,,,,
1136,7,7.8,,0.526,,,,,
1137,7,9.8,,0.525,,,,,
1138,7,14.7,,0.524,,,,,
1139,7,12.3,,0.517,,,,,
1140,7,11.8,,0.514,,,,,
1141,7,14.2,,0.503,,,,,
1142,7,10.9,,0.503,,,,,
1143,7,8.7,,0.503,,,,,
1144,7,11.9,,0.501,,,,,
1145,7,20.7,,0.499,,,,,
1146,7,11.9,,0.493,,,,,
1147,7,11.2,,0.491,,,,,
1148,7,12.5,,0.491,,,,,
1149,7,12.3,,0.477,,,,,
1150,7,9.7,,0.475,,,,,
1151,7,12.3,,0.471,,,,,
1152,7,9.7,,0.467,,,,,
1153,7,13.7,,0.457,,,,,
1154,7,16.4,,0.454,,,,,
1155,7,8.6,,0.452,,,,,
1156,7,11.1,,0.44,,,,,
1157,7,17.5,,0.417,,,,,
1158,7,13.9,,0.401,,,,,
1159,7,11.0,,0.4,,,,,
1160,7,9.6,,0.396,,,,,
1161,7,8.4,,0.396,,,,,
1162,7,11.7,,0.386,,,,,
1163,7,8.1,,0.381,,,,,
1164,7,8.7,,0.38,,,,,
1165,7,15.9,,0.379,,,,,
1166,7,7.8,,0.379,,,,,
1167,7,13.4,,0.373,,,,,
1168,7,14.2,,0.365,,,,,
1169,7,17.8,,0.362,,,,,
1170,7,20.1,,0.354,,,,,
1171,7,21.7,,0.35,,,,,
1172,7,19.6,,0.339,,,,,
1173,7,8.7,,0.331,,,,,
1174,7,8.6,,0.33,,,,,
1175,7,7.9,,0.325,,,,,
1176,7,10.4,,0.325,,,,,
1177,7,9.2,,0.324,,,,,
1178,7,9.8,,0.32,,,,,
1179,7,13.2,,0.319,,,,,
1180,7,9.0,,0.31,,,,,
1181,7,13.4,,0.307,,,,,
1182,7,11.0,,0.304,,,,,
1183,7,12.3,,0.295,,,,,
1184,7,8.5,,0.295,,,,,
1185,7,12.0,,0.292,,,,,
1186,7,11.0,,0.288,,,,,
1187,7,6.7,,0.284,,,,,
1188,7,9.0,,0.284,,,,,
1189,7,15.0,,0.282,,,,,
1190,7,20.0,,0.28,,,,,
1191,8,16.5,,0.828,,,,,
1192,8,18.8,,0.819,,,,,
1193,8,14.5,,0.815,,,,,
1194,8,15.7,,0.811,,,,,
1195,8,15.8,,0.809,,,,,
1196,8,24.2,,0.804,,,,,
1197,8,16.3,,0.785,,,,,
1198,8,11.4,,0.779,,,,,
1199,8,14.7,,0.777,,,,,
1200,8,15.1,,0.772,,,,,
1201,8,19.8,,0.77,,,,,
1202,8,14.7,,0.769,,,,,
1203,8,12.6,,0.769,,,,,
1204,8,9.6,,0.765,,,,,
1205,8,10.2,,0.753,,,,,
1206,8,13.9,,0.75,,,,,
1207,8,16.9,,0.749,,,,,
1208,8,11.4,,0.748,,,,,
1209,8,16.2,,0.744,,,,,
1210,8,21.3,,0.742,,,,,
1211,8,14.7,,0.741,,,,,
1212,8,12.2,,0.74,,,,,
1213,8,13.5,,0.738,,,,,
1214,8,11.5,,0.738,,,,,
1215,8,13.7,,0.736,,,,,
1216,8,19.3,,0.731,,,,,
1217,8,21.2,,0.73,,,,,
1218,8,19.5,,0.729,,,,,
1219,8,10.6,,0.725,,,,,
1220,8,17.7,,0.719,,,,,
1221,8,12.7,,0.718,,,,,
1222,8,12.2,,0.717,,,,,
1223,8,11.0,,0.714,,,,,
1224,8,11.4,,0.713,,,,,
1225,8,21.7,,0.711,,,,,
1226,8,16.0,,0.71,,,,,
1227,8,12.8,,0.701,,,,,
1228,8,9.9,,0.7,,,,,
1229,8,11.2,,0.699,,,,,
1230,8,13.5,,0.699,,,,,
1231,8,16.3,,0.698,,,,,
1232,8,17.2,,0.698,,,,,
1233,8,10.4,,0.694,,,,,
1234,8,13.1,,0.681,,,,,
1235,8,14.6,,0.674,,,,,
1236,8,10.5,,0.672,,,,,
1237,8,10.8,,0.669,,,,,
1238,8,14.1,,0.668,,,,,
1239,8,10.0,,0.665,,,,,
1240,8,18.9,,0.662,,,,,
1241,8,12.9,,0.658,,,,,
1242,8,12.4,,0.648,,,,,
1243,8,18.0,,0.636,,,,,
1244,8,11.9,,0.635,,,,,
1245,8,28.8,,0.626,,,,,
1246,8,9.7,,0.626,,,,,
1247,8,15.1,,0.625,,,,,
1248,8,12.1,,0.62,,,,,
1249,8,11.5,,0.613,,,,,
1250,8,16.3,,0.605,,,,,
1251,8,13.6,,0.592,,,,,
1252,8,10.9,,0.591,,,,,
1253,8,8.1,,0.587,,,,,
1254,8,10.6,,0.585,,,,,
1255,8,15.3,,0.581,,,,,
1256,8,11.3,,0.573,,,,,
1257,8,10.7,,0.567,,,,,
1258,8,11.0,,0.546,,,,,
1259,8,20.1,,0.529,,,,,
1260,8,11.7,,0.528,,,,,
1261,8,8.8,,0.522,,,,,
1262,8,8.9,,0.521,,,,,
1263,8,11.4,,0.513,,,,,
1264,8,10.8,,0.51,,,,,
1265,8,12.9,,0.501,,,,,
1266,8,9.3,,0.496,,,,,
1267,8,14.5,,0.486,,,,,
1268,8,7.6,,0.483,,,,,
1269,8,12.9,,0.475,,,,,
1270,8,10.4,,0.463,,,,,
1271,8,13.9,,0.461,,,,,
1272,8,11.1,,0.458,,,,,
1273,8,18.0,,0.457,,,,,
1274,8,14.1,,0.456,,,,,
1275,8,10.4,,0.447,,,,,
1276,8,10.7,,0.446,,,,,
1277,8,11.8,,0.442,,,,,
1278,8,8.8,,0.441,,,,,
1279,8,13.7,,0.441,,,,,
1280,8,8.7,,0.438,,,,,
1281,8,11.5,,0.438,,,,,
1282,8,6.4,,0.435,,,,,
1283,8,15.2,,0.412,,,,,
1284,8,13.8,,0.397,,,,,
1285,8,10.7,,0.395,,,,,
1286,8,10.3,,0.395,,,,,
1287,8,7.9,,0.376,,,,,
1288,8,10.5,,0.374,,,,,
1289,8,13.2,,0.373,,,,,
1290,8,9.4,,0.372,,,,,
1291,8,12.9,,0.371,,,,,
1292,8,14.2,,0.361,,,,,
1293,8,9.0,,0.356,,,,,
1294,8,7.6,,0.355,,,,,
1295,8,12.9,,0.355,,,,,
1296,8,17.4,,0.332,,,,,
1297,8,14.5,,0.331,,,,,
1298,8,7.6,,0.327,,,,,
1299,8,5.9,,0.327,,,,,
1300,8,9.9,,0.317,,,,,
1301,8,12.3,,0.315,,,,,
1302,8,18.6,,0.31,,,,,
1303,8,9.4,,0.289,,,,,
1304,8,19.6,,0.286,,,,,
1305,8,8.3,,0.283,,,,,
1306,8,14.4,,0.277,,,,,
1307,8,11.9,,0.27,,,,,
1308,8,23.5,,0.262,,,,,
