,Image ID,Cross section DF [nm^2],Mean per image,Confidence score,Average [nm^2],Standard Deviation [nm^2],Number Counted,Standard Error of Mean [nm^2],Number Density [nm^-2]
0,0,1192.3,428.5,0.683,478.95001220703125,227.7899932861328,2738.0,4.35,0.0019698
1,0,1027.4,430.3999938964844,0.659,,,,,0.0026636
2,0,901.9,469.1000061035156,0.659,,,,,0.0022782
3,0,630.4,468.20001220703125,0.659,,,,,0.0026122
4,0,524.1,478.70001220703125,0.658,,,,,0.0026293
5,0,561.1,501.3999938964844,0.655,,,,,0.0024923
6,0,773.6,520.5,0.654,,,,,0.0023296
7,0,764.4,494.79998779296875,0.651,,,,,0.0021925
8,0,493.6,474.1000061035156,0.651,,,,,0.0021069
9,0,755.0,526.2999877929688,0.65,,,,,0.0021754
10,0,833.0,,0.65,,,,,
11,0,734.3,,0.647,,,,,
12,0,509.9,,0.644,,,,,
13,0,506.2,,0.643,,,,,
14,0,558.4,,0.642,,,,,
15,0,414.4,,0.639,,,,,
16,0,545.1,,0.639,,,,,
17,0,447.6,,0.638,,,,,
18,0,523.2,,0.636,,,,,
19,0,573.0,,0.636,,,,,
20,0,469.7,,0.636,,,,,
21,0,673.5,,0.635,,,,,
22,0,462.7,,0.635,,,,,
23,0,831.5,,0.635,,,,,
24,0,672.9,,0.633,,,,,
25,0,596.0,,0.633,,,,,
26,0,624.3,,0.632,,,,,
27,0,605.5,,0.631,,,,,
28,0,560.5,,0.63,,,,,
29,0,591.4,,0.63,,,,,
30,0,702.2,,0.629,,,,,
31,0,467.4,,0.629,,,,,
32,0,505.9,,0.629,,,,,
33,0,464.1,,0.628,,,,,
34,0,730.5,,0.628,,,,,
35,0,452.2,,0.625,,,,,
36,0,642.8,,0.625,,,,,
37,0,443.7,,0.624,,,,,
38,0,556.2,,0.624,,,,,
39,0,548.9,,0.623,,,,,
40,0,787.7,,0.622,,,,,
41,0,454.3,,0.622,,,,,
42,0,426.7,,0.622,,,,,
43,0,1218.3,,0.617,,,,,
44,0,516.0,,0.616,,,,,
45,0,530.7,,0.615,,,,,
46,0,365.2,,0.614,,,,,
47,0,620.1,,0.613,,,,,
48,0,649.2,,0.613,,,,,
49,0,827.9,,0.612,,,,,
50,0,532.9,,0.611,,,,,
51,0,722.7,,0.61,,,,,
52,0,337.2,,0.609,,,,,
53,0,380.1,,0.608,,,,,
54,0,396.3,,0.607,,,,,
55,0,458.8,,0.607,,,,,
56,0,458.0,,0.606,,,,,
57,0,520.1,,0.605,,,,,
58,0,381.1,,0.605,,,,,
59,0,766.2,,0.604,,,,,
60,0,609.0,,0.603,,,,,
61,0,680.4,,0.601,,,,,
62,0,514.6,,0.6,,,,,
63,0,475.5,,0.598,,,,,
64,0,428.1,,0.598,,,,,
65,0,873.7,,0.597,,,,,
66,0,552.4,,0.597,,,,,
67,0,377.6,,0.595,,,,,
68,0,371.8,,0.594,,,,,
69,0,490.8,,0.593,,,,,
70,0,312.2,,0.593,,,,,
71,0,645.7,,0.591,,,,,
72,0,435.7,,0.591,,,,,
73,0,504.7,,0.591,,,,,
74,0,347.7,,0.59,,,,,
75,0,729.8,,0.587,,,,,
76,0,401.9,,0.586,,,,,
77,0,418.7,,0.584,,,,,
78,0,539.5,,0.584,,,,,
79,0,274.7,,0.584,,,,,
80,0,477.6,,0.583,,,,,
81,0,356.3,,0.583,,,,,
82,0,648.3,,0.583,,,,,
83,0,427.1,,0.583,,,,,
84,0,354.2,,0.582,,,,,
85,0,320.7,,0.582,,,,,
86,0,576.2,,0.581,,,,,
87,0,393.9,,0.58,,,,,
88,0,409.3,,0.579,,,,,
89,0,490.6,,0.577,,,,,
90,0,382.5,,0.577,,,,,
91,0,337.7,,0.575,,,,,
92,0,427.6,,0.574,,,,,
93,0,374.1,,0.574,,,,,
94,0,289.1,,0.574,,,,,
95,0,550.4,,0.573,,,,,
96,0,741.8,,0.573,,,,,
97,0,311.2,,0.572,,,,,
98,0,507.3,,0.571,,,,,
99,0,597.2,,0.566,,,,,
100,0,362.7,,0.565,,,,,
101,0,359.1,,0.562,,,,,
102,0,512.8,,0.561,,,,,
103,0,403.3,,0.561,,,,,
104,0,299.2,,0.56,,,,,
105,0,307.4,,0.56,,,,,
106,0,430.6,,0.559,,,,,
107,0,393.8,,0.558,,,,,
108,0,344.9,,0.558,,,,,
109,0,287.6,,0.558,,,,,
110,0,373.1,,0.558,,,,,
111,0,343.6,,0.558,,,,,
112,0,325.6,,0.557,,,,,
113,0,504.3,,0.557,,,,,
114,0,329.3,,0.556,,,,,
115,0,380.4,,0.555,,,,,
116,0,293.9,,0.554,,,,,
117,0,336.8,,0.553,,,,,
118,0,364.1,,0.552,,,,,
119,0,310.0,,0.551,,,,,
120,0,311.1,,0.551,,,,,
121,0,325.0,,0.549,,,,,
122,0,263.7,,0.549,,,,,
123,0,345.5,,0.548,,,,,
124,0,456.0,,0.548,,,,,
125,0,284.2,,0.547,,,,,
126,0,396.4,,0.547,,,,,
127,0,403.4,,0.546,,,,,
128,0,340.4,,0.546,,,,,
129,0,383.6,,0.544,,,,,
130,0,416.1,,0.543,,,,,
131,0,374.8,,0.543,,,,,
132,0,368.0,,0.542,,,,,
133,0,347.9,,0.542,,,,,
134,0,272.3,,0.541,,,,,
135,0,269.7,,0.54,,,,,
136,0,314.0,,0.539,,,,,
137,0,444.6,,0.538,,,,,
138,0,314.7,,0.538,,,,,
139,0,497.1,,0.537,,,,,
140,0,346.3,,0.536,,,,,
141,0,337.6,,0.533,,,,,
142,0,334.1,,0.533,,,,,
143,0,456.4,,0.533,,,,,
144,0,269.2,,0.532,,,,,
145,0,391.3,,0.532,,,,,
146,0,420.2,,0.531,,,,,
147,0,345.6,,0.53,,,,,
148,0,440.1,,0.53,,,,,
149,0,426.5,,0.529,,,,,
150,0,246.8,,0.529,,,,,
151,0,433.6,,0.528,,,,,
152,0,304.3,,0.527,,,,,
153,0,390.7,,0.521,,,,,
154,0,322.7,,0.521,,,,,
155,0,333.5,,0.518,,,,,
156,0,254.0,,0.516,,,,,
157,0,206.7,,0.514,,,,,
158,0,363.3,,0.512,,,,,
159,0,237.9,,0.512,,,,,
160,0,184.7,,0.511,,,,,
161,0,300.8,,0.51,,,,,
162,0,307.4,,0.508,,,,,
163,0,336.8,,0.503,,,,,
164,0,255.5,,0.502,,,,,
165,0,475.7,,0.497,,,,,
166,0,271.4,,0.497,,,,,
167,0,355.9,,0.496,,,,,
168,0,421.8,,0.483,,,,,
169,0,236.0,,0.478,,,,,
170,0,338.8,,0.477,,,,,
171,0,216.6,,0.477,,,,,
172,0,355.5,,0.476,,,,,
173,0,368.2,,0.471,,,,,
174,0,331.6,,0.47,,,,,
175,0,235.5,,0.469,,,,,
176,0,252.2,,0.468,,,,,
177,0,351.5,,0.467,,,,,
178,0,504.1,,0.462,,,,,
179,0,414.9,,0.461,,,,,
180,0,260.6,,0.452,,,,,
181,0,228.8,,0.437,,,,,
182,0,360.1,,0.431,,,,,
183,0,218.0,,0.426,,,,,
184,0,549.1,,0.423,,,,,
185,0,286.3,,0.418,,,,,
186,0,832.4,,0.416,,,,,
187,0,208.5,,0.407,,,,,
188,0,293.6,,0.404,,,,,
189,0,279.0,,0.403,,,,,
190,0,375.1,,0.388,,,,,
191,0,336.7,,0.382,,,,,
192,0,224.8,,0.381,,,,,
193,0,178.6,,0.381,,,,,
194,0,231.1,,0.38,,,,,
195,0,264.0,,0.379,,,,,
196,0,128.8,,0.378,,,,,
197,0,239.9,,0.377,,,,,
198,0,297.9,,0.372,,,,,
199,0,270.2,,0.37,,,,,
200,0,305.5,,0.368,,,,,
201,0,319.8,,0.365,,,,,
202,0,429.8,,0.364,,,,,
203,0,381.4,,0.357,,,,,
204,0,512.5,,0.354,,,,,
205,0,362.0,,0.35,,,,,
206,0,224.8,,0.348,,,,,
207,0,158.4,,0.347,,,,,
208,0,314.2,,0.347,,,,,
209,0,245.2,,0.339,,,,,
210,0,283.4,,0.333,,,,,
211,0,318.1,,0.323,,,,,
212,0,494.0,,0.321,,,,,
213,0,299.3,,0.312,,,,,
214,0,580.8,,0.309,,,,,
215,0,163.3,,0.309,,,,,
216,0,716.2,,0.303,,,,,
217,0,192.8,,0.3,,,,,
218,0,246.0,,0.297,,,,,
219,0,218.9,,0.293,,,,,
220,0,230.0,,0.291,,,,,
221,0,364.9,,0.287,,,,,
222,0,225.7,,0.28,,,,,
223,0,191.9,,0.266,,,,,
224,0,316.4,,0.262,,,,,
225,0,309.2,,0.261,,,,,
226,0,277.0,,0.26,,,,,
227,0,261.7,,0.255,,,,,
228,0,345.5,,0.254,,,,,
229,0,251.9,,0.254,,,,,
230,1,863.5,,0.694,,,,,
231,1,815.0,,0.692,,,,,
232,1,878.5,,0.687,,,,,
233,1,832.4,,0.684,,,,,
234,1,670.9,,0.681,,,,,
235,1,769.3,,0.679,,,,,
236,1,759.2,,0.677,,,,,
237,1,839.4,,0.677,,,,,
238,1,940.7,,0.674,,,,,
239,1,629.8,,0.67,,,,,
240,1,815.9,,0.668,,,,,
241,1,831.0,,0.667,,,,,
242,1,723.4,,0.664,,,,,
243,1,691.8,,0.663,,,,,
244,1,708.2,,0.663,,,,,
245,1,600.8,,0.661,,,,,
246,1,690.6,,0.659,,,,,
247,1,714.4,,0.658,,,,,
248,1,565.4,,0.657,,,,,
249,1,677.3,,0.655,,,,,
250,1,779.4,,0.653,,,,,
251,1,1005.7,,0.652,,,,,
252,1,578.1,,0.651,,,,,
253,1,549.9,,0.65,,,,,
254,1,840.2,,0.65,,,,,
255,1,593.1,,0.65,,,,,
256,1,668.7,,0.649,,,,,
257,1,512.3,,0.647,,,,,
258,1,853.8,,0.647,,,,,
259,1,739.7,,0.647,,,,,
260,1,811.3,,0.646,,,,,
261,1,631.1,,0.645,,,,,
262,1,693.8,,0.643,,,,,
263,1,727.9,,0.643,,,,,
264,1,888.6,,0.643,,,,,
265,1,882.4,,0.642,,,,,
266,1,559.8,,0.642,,,,,
267,1,732.9,,0.642,,,,,
268,1,613.1,,0.642,,,,,
269,1,735.9,,0.642,,,,,
270,1,947.3,,0.639,,,,,
271,1,874.8,,0.636,,,,,
272,1,520.6,,0.636,,,,,
273,1,631.0,,0.633,,,,,
274,1,509.5,,0.631,,,,,
275,1,555.4,,0.629,,,,,
276,1,708.7,,0.628,,,,,
277,1,566.4,,0.628,,,,,
278,1,714.2,,0.627,,,,,
279,1,440.0,,0.627,,,,,
280,1,410.6,,0.627,,,,,
281,1,547.6,,0.627,,,,,
282,1,625.1,,0.627,,,,,
283,1,554.6,,0.626,,,,,
284,1,373.5,,0.625,,,,,
285,1,705.9,,0.625,,,,,
286,1,423.6,,0.624,,,,,
287,1,521.9,,0.623,,,,,
288,1,400.5,,0.623,,,,,
289,1,481.9,,0.621,,,,,
290,1,455.9,,0.621,,,,,
291,1,489.4,,0.62,,,,,
292,1,469.5,,0.619,,,,,
293,1,474.1,,0.618,,,,,
294,1,430.7,,0.617,,,,,
295,1,629.9,,0.617,,,,,
296,1,530.0,,0.616,,,,,
297,1,413.9,,0.615,,,,,
298,1,523.0,,0.615,,,,,
299,1,504.1,,0.615,,,,,
300,1,388.1,,0.613,,,,,
301,1,429.2,,0.613,,,,,
302,1,346.7,,0.613,,,,,
303,1,493.2,,0.611,,,,,
304,1,514.9,,0.611,,,,,
305,1,438.4,,0.611,,,,,
306,1,432.6,,0.609,,,,,
307,1,819.3,,0.608,,,,,
308,1,493.5,,0.608,,,,,
309,1,453.9,,0.608,,,,,
310,1,406.1,,0.606,,,,,
311,1,607.5,,0.606,,,,,
312,1,434.4,,0.605,,,,,
313,1,720.1,,0.604,,,,,
314,1,427.9,,0.604,,,,,
315,1,434.5,,0.602,,,,,
316,1,797.4,,0.601,,,,,
317,1,528.9,,0.601,,,,,
318,1,483.9,,0.601,,,,,
319,1,326.4,,0.601,,,,,
320,1,428.2,,0.6,,,,,
321,1,327.3,,0.598,,,,,
322,1,575.5,,0.598,,,,,
323,1,350.5,,0.598,,,,,
324,1,459.3,,0.598,,,,,
325,1,427.0,,0.598,,,,,
326,1,280.9,,0.596,,,,,
327,1,640.3,,0.596,,,,,
328,1,526.5,,0.595,,,,,
329,1,461.6,,0.595,,,,,
330,1,425.9,,0.594,,,,,
331,1,397.8,,0.593,,,,,
332,1,407.3,,0.593,,,,,
333,1,746.5,,0.593,,,,,
334,1,241.8,,0.593,,,,,
335,1,309.1,,0.592,,,,,
336,1,333.6,,0.592,,,,,
337,1,544.5,,0.591,,,,,
338,1,382.4,,0.591,,,,,
339,1,532.0,,0.59,,,,,
340,1,523.7,,0.588,,,,,
341,1,350.8,,0.588,,,,,
342,1,389.7,,0.588,,,,,
343,1,338.6,,0.588,,,,,
344,1,341.5,,0.587,,,,,
345,1,415.2,,0.587,,,,,
346,1,494.3,,0.586,,,,,
347,1,313.3,,0.586,,,,,
348,1,498.3,,0.586,,,,,
349,1,433.2,,0.585,,,,,
350,1,355.8,,0.585,,,,,
351,1,424.9,,0.583,,,,,
352,1,380.2,,0.583,,,,,
353,1,462.8,,0.582,,,,,
354,1,479.2,,0.582,,,,,
355,1,287.5,,0.581,,,,,
356,1,383.4,,0.581,,,,,
357,1,391.4,,0.58,,,,,
358,1,483.9,,0.579,,,,,
359,1,332.2,,0.578,,,,,
360,1,336.3,,0.577,,,,,
361,1,272.7,,0.575,,,,,
362,1,414.7,,0.575,,,,,
363,1,301.7,,0.574,,,,,
364,1,300.9,,0.574,,,,,
365,1,496.4,,0.571,,,,,
366,1,456.8,,0.571,,,,,
367,1,339.7,,0.57,,,,,
368,1,492.3,,0.569,,,,,
369,1,227.0,,0.569,,,,,
370,1,479.1,,0.569,,,,,
371,1,229.5,,0.568,,,,,
372,1,285.5,,0.568,,,,,
373,1,333.5,,0.567,,,,,
374,1,411.1,,0.567,,,,,
375,1,263.4,,0.566,,,,,
376,1,360.7,,0.565,,,,,
377,1,335.3,,0.564,,,,,
378,1,337.3,,0.563,,,,,
379,1,350.5,,0.562,,,,,
380,1,397.1,,0.561,,,,,
381,1,268.5,,0.56,,,,,
382,1,299.4,,0.56,,,,,
383,1,358.0,,0.56,,,,,
384,1,381.3,,0.558,,,,,
385,1,471.5,,0.558,,,,,
386,1,301.6,,0.558,,,,,
387,1,500.9,,0.557,,,,,
388,1,349.6,,0.556,,,,,
389,1,371.3,,0.556,,,,,
390,1,532.7,,0.556,,,,,
391,1,279.0,,0.555,,,,,
392,1,369.7,,0.554,,,,,
393,1,245.8,,0.554,,,,,
394,1,460.6,,0.553,,,,,
395,1,294.8,,0.55,,,,,
396,1,343.6,,0.55,,,,,
397,1,328.4,,0.549,,,,,
398,1,701.2,,0.548,,,,,
399,1,513.4,,0.547,,,,,
400,1,280.8,,0.547,,,,,
401,1,309.1,,0.546,,,,,
402,1,296.0,,0.546,,,,,
403,1,289.0,,0.544,,,,,
404,1,354.4,,0.543,,,,,
405,1,406.4,,0.542,,,,,
406,1,277.6,,0.54,,,,,
407,1,600.1,,0.539,,,,,
408,1,441.5,,0.538,,,,,
409,1,517.7,,0.537,,,,,
410,1,318.5,,0.537,,,,,
411,1,286.3,,0.535,,,,,
412,1,484.2,,0.534,,,,,
413,1,373.6,,0.533,,,,,
414,1,478.5,,0.531,,,,,
415,1,364.8,,0.531,,,,,
416,1,269.6,,0.53,,,,,
417,1,344.6,,0.529,,,,,
418,1,231.4,,0.529,,,,,
419,1,320.9,,0.529,,,,,
420,1,368.8,,0.528,,,,,
421,1,375.1,,0.528,,,,,
422,1,342.1,,0.528,,,,,
423,1,487.6,,0.527,,,,,
424,1,527.6,,0.527,,,,,
425,1,1319.1,,0.526,,,,,
426,1,565.1,,0.524,,,,,
427,1,401.2,,0.522,,,,,
428,1,370.0,,0.521,,,,,
429,1,477.6,,0.521,,,,,
430,1,464.5,,0.521,,,,,
431,1,287.8,,0.52,,,,,
432,1,251.5,,0.52,,,,,
433,1,400.7,,0.518,,,,,
434,1,309.3,,0.517,,,,,
435,1,230.9,,0.515,,,,,
436,1,305.1,,0.512,,,,,
437,1,430.5,,0.511,,,,,
438,1,409.8,,0.511,,,,,
439,1,326.8,,0.511,,,,,
440,1,209.0,,0.51,,,,,
441,1,319.2,,0.507,,,,,
442,1,232.6,,0.504,,,,,
443,1,417.2,,0.504,,,,,
444,1,344.2,,0.502,,,,,
445,1,464.2,,0.502,,,,,
446,1,259.9,,0.499,,,,,
447,1,313.0,,0.498,,,,,
448,1,273.9,,0.498,,,,,
449,1,357.4,,0.496,,,,,
450,1,236.2,,0.495,,,,,
451,1,386.4,,0.494,,,,,
452,1,264.9,,0.492,,,,,
453,1,306.7,,0.492,,,,,
454,1,360.4,,0.492,,,,,
455,1,284.2,,0.491,,,,,
456,1,332.5,,0.49,,,,,
457,1,264.1,,0.489,,,,,
458,1,387.1,,0.487,,,,,
459,1,295.2,,0.487,,,,,
460,1,192.9,,0.486,,,,,
461,1,672.9,,0.486,,,,,
462,1,246.3,,0.486,,,,,
463,1,257.9,,0.485,,,,,
464,1,298.7,,0.484,,,,,
465,1,311.0,,0.48,,,,,
466,1,279.9,,0.476,,,,,
467,1,296.8,,0.476,,,,,
468,1,313.3,,0.474,,,,,
469,1,282.3,,0.474,,,,,
470,1,246.5,,0.472,,,,,
471,1,162.6,,0.472,,,,,
472,1,368.3,,0.47,,,,,
473,1,373.5,,0.469,,,,,
474,1,223.4,,0.469,,,,,
475,1,271.3,,0.468,,,,,
476,1,378.9,,0.466,,,,,
477,1,400.8,,0.465,,,,,
478,1,332.2,,0.462,,,,,
479,1,304.3,,0.456,,,,,
480,1,437.0,,0.455,,,,,
481,1,295.8,,0.455,,,,,
482,1,253.2,,0.452,,,,,
483,1,265.7,,0.451,,,,,
484,1,199.0,,0.451,,,,,
485,1,150.9,,0.45,,,,,
486,1,252.0,,0.45,,,,,
487,1,341.6,,0.449,,,,,
488,1,252.6,,0.449,,,,,
489,1,389.9,,0.449,,,,,
490,1,308.9,,0.448,,,,,
491,1,317.6,,0.447,,,,,
492,1,221.4,,0.438,,,,,
493,1,143.7,,0.436,,,,,
494,1,331.7,,0.431,,,,,
495,1,304.1,,0.431,,,,,
496,1,362.2,,0.43,,,,,
497,1,241.5,,0.429,,,,,
498,1,318.6,,0.427,,,,,
499,1,357.4,,0.426,,,,,
500,1,241.3,,0.418,,,,,
501,1,260.6,,0.417,,,,,
502,1,194.5,,0.414,,,,,
503,1,282.8,,0.405,,,,,
504,1,194.8,,0.405,,,,,
505,1,258.9,,0.402,,,,,
506,1,229.3,,0.4,,,,,
507,1,295.0,,0.394,,,,,
508,1,244.9,,0.392,,,,,
509,1,345.0,,0.39,,,,,
510,1,315.8,,0.387,,,,,
511,1,336.6,,0.386,,,,,
512,1,160.1,,0.383,,,,,
513,1,311.1,,0.382,,,,,
514,1,577.6,,0.381,,,,,
515,1,453.9,,0.379,,,,,
516,1,697.6,,0.378,,,,,
517,1,180.5,,0.37,,,,,
518,1,252.3,,0.359,,,,,
519,1,326.1,,0.357,,,,,
520,1,227.4,,0.356,,,,,
521,1,224.6,,0.354,,,,,
522,1,321.3,,0.349,,,,,
523,1,251.8,,0.349,,,,,
524,1,143.6,,0.344,,,,,
525,1,327.6,,0.331,,,,,
526,1,340.9,,0.325,,,,,
527,1,227.7,,0.322,,,,,
528,1,241.2,,0.322,,,,,
529,1,149.1,,0.316,,,,,
530,1,409.7,,0.304,,,,,
531,1,151.7,,0.293,,,,,
532,1,200.2,,0.287,,,,,
533,1,193.7,,0.284,,,,,
534,1,293.3,,0.284,,,,,
535,1,413.2,,0.278,,,,,
536,1,615.2,,0.268,,,,,
537,1,495.8,,0.263,,,,,
538,1,428.6,,0.257,,,,,
539,1,202.2,,0.253,,,,,
540,1,170.7,,0.253,,,,,
541,2,1032.3,,0.672,,,,,
542,2,666.5,,0.661,,,,,
543,2,764.4,,0.66,,,,,
544,2,750.9,,0.66,,,,,
545,2,647.1,,0.656,,,,,
546,2,786.3,,0.647,,,,,
547,2,628.4,,0.643,,,,,
548,2,646.1,,0.641,,,,,
549,2,534.5,,0.64,,,,,
550,2,1124.4,,0.638,,,,,
551,2,887.2,,0.638,,,,,
552,2,580.0,,0.638,,,,,
553,2,562.1,,0.635,,,,,
554,2,736.5,,0.635,,,,,
555,2,668.8,,0.635,,,,,
556,2,535.4,,0.634,,,,,
557,2,838.7,,0.633,,,,,
558,2,617.8,,0.633,,,,,
559,2,547.6,,0.631,,,,,
560,2,674.5,,0.63,,,,,
561,2,1040.5,,0.63,,,,,
562,2,614.6,,0.63,,,,,
563,2,609.0,,0.629,,,,,
564,2,890.1,,0.629,,,,,
565,2,1577.1,,0.629,,,,,
566,2,969.6,,0.629,,,,,
567,2,441.5,,0.629,,,,,
568,2,820.4,,0.628,,,,,
569,2,750.4,,0.627,,,,,
570,2,820.3,,0.626,,,,,
571,2,507.4,,0.626,,,,,
572,2,511.1,,0.624,,,,,
573,2,525.5,,0.622,,,,,
574,2,638.7,,0.622,,,,,
575,2,530.4,,0.622,,,,,
576,2,730.0,,0.619,,,,,
577,2,510.8,,0.619,,,,,
578,2,517.5,,0.619,,,,,
579,2,621.1,,0.618,,,,,
580,2,590.3,,0.618,,,,,
581,2,848.2,,0.617,,,,,
582,2,924.7,,0.617,,,,,
583,2,471.6,,0.617,,,,,
584,2,486.4,,0.616,,,,,
585,2,767.7,,0.614,,,,,
586,2,1074.6,,0.613,,,,,
587,2,431.2,,0.613,,,,,
588,2,526.3,,0.613,,,,,
589,2,455.8,,0.611,,,,,
590,2,634.0,,0.611,,,,,
591,2,547.1,,0.611,,,,,
592,2,571.6,,0.611,,,,,
593,2,372.7,,0.609,,,,,
594,2,898.5,,0.609,,,,,
595,2,554.7,,0.608,,,,,
596,2,678.5,,0.608,,,,,
597,2,731.0,,0.607,,,,,
598,2,530.3,,0.606,,,,,
599,2,472.1,,0.606,,,,,
600,2,542.5,,0.606,,,,,
601,2,498.2,,0.605,,,,,
602,2,501.8,,0.605,,,,,
603,2,525.6,,0.605,,,,,
604,2,400.8,,0.604,,,,,
605,2,392.8,,0.603,,,,,
606,2,569.1,,0.603,,,,,
607,2,388.6,,0.603,,,,,
608,2,418.9,,0.603,,,,,
609,2,552.7,,0.602,,,,,
610,2,479.7,,0.601,,,,,
611,2,366.8,,0.6,,,,,
612,2,458.8,,0.6,,,,,
613,2,660.4,,0.599,,,,,
614,2,469.9,,0.597,,,,,
615,2,392.7,,0.595,,,,,
616,2,498.6,,0.594,,,,,
617,2,523.8,,0.593,,,,,
618,2,620.0,,0.592,,,,,
619,2,454.3,,0.591,,,,,
620,2,534.7,,0.591,,,,,
621,2,526.7,,0.591,,,,,
622,2,434.4,,0.589,,,,,
623,2,370.4,,0.587,,,,,
624,2,389.3,,0.587,,,,,
625,2,468.1,,0.586,,,,,
626,2,440.0,,0.586,,,,,
627,2,511.6,,0.585,,,,,
628,2,747.6,,0.585,,,,,
629,2,616.1,,0.583,,,,,
630,2,495.8,,0.582,,,,,
631,2,498.2,,0.582,,,,,
632,2,328.7,,0.582,,,,,
633,2,418.2,,0.579,,,,,
634,2,477.3,,0.579,,,,,
635,2,707.9,,0.578,,,,,
636,2,551.5,,0.575,,,,,
637,2,327.7,,0.574,,,,,
638,2,375.3,,0.572,,,,,
639,2,353.3,,0.571,,,,,
640,2,428.6,,0.57,,,,,
641,2,402.5,,0.569,,,,,
642,2,449.7,,0.568,,,,,
643,2,408.9,,0.568,,,,,
644,2,384.8,,0.567,,,,,
645,2,399.7,,0.566,,,,,
646,2,437.9,,0.566,,,,,
647,2,347.2,,0.565,,,,,
648,2,460.1,,0.564,,,,,
649,2,445.5,,0.564,,,,,
650,2,444.6,,0.563,,,,,
651,2,432.2,,0.562,,,,,
652,2,499.1,,0.561,,,,,
653,2,285.0,,0.56,,,,,
654,2,380.3,,0.559,,,,,
655,2,366.8,,0.558,,,,,
656,2,525.6,,0.558,,,,,
657,2,422.1,,0.556,,,,,
658,2,515.9,,0.555,,,,,
659,2,372.8,,0.553,,,,,
660,2,336.8,,0.553,,,,,
661,2,482.6,,0.552,,,,,
662,2,450.0,,0.552,,,,,
663,2,459.1,,0.551,,,,,
664,2,256.7,,0.551,,,,,
665,2,387.3,,0.55,,,,,
666,2,295.3,,0.549,,,,,
667,2,396.0,,0.547,,,,,
668,2,464.3,,0.547,,,,,
669,2,454.1,,0.545,,,,,
670,2,578.7,,0.544,,,,,
671,2,428.2,,0.543,,,,,
672,2,403.9,,0.543,,,,,
673,2,319.2,,0.542,,,,,
674,2,483.7,,0.542,,,,,
675,2,314.6,,0.541,,,,,
676,2,444.0,,0.541,,,,,
677,2,453.8,,0.541,,,,,
678,2,423.2,,0.539,,,,,
679,2,399.0,,0.538,,,,,
680,2,419.5,,0.538,,,,,
681,2,351.7,,0.536,,,,,
682,2,269.5,,0.536,,,,,
683,2,241.9,,0.535,,,,,
684,2,437.4,,0.534,,,,,
685,2,464.2,,0.533,,,,,
686,2,639.6,,0.533,,,,,
687,2,404.2,,0.533,,,,,
688,2,309.7,,0.532,,,,,
689,2,352.2,,0.53,,,,,
690,2,420.5,,0.529,,,,,
691,2,452.6,,0.528,,,,,
692,2,327.8,,0.526,,,,,
693,2,445.5,,0.526,,,,,
694,2,357.1,,0.525,,,,,
695,2,299.7,,0.523,,,,,
696,2,324.4,,0.521,,,,,
697,2,276.5,,0.521,,,,,
698,2,606.7,,0.521,,,,,
699,2,369.4,,0.52,,,,,
700,2,306.1,,0.518,,,,,
701,2,331.3,,0.515,,,,,
702,2,418.7,,0.514,,,,,
703,2,365.8,,0.514,,,,,
704,2,281.7,,0.513,,,,,
705,2,329.4,,0.513,,,,,
706,2,400.6,,0.512,,,,,
707,2,309.9,,0.512,,,,,
708,2,660.6,,0.511,,,,,
709,2,403.9,,0.51,,,,,
710,2,254.9,,0.51,,,,,
711,2,354.5,,0.509,,,,,
712,2,403.6,,0.509,,,,,
713,2,295.8,,0.508,,,,,
714,2,446.2,,0.508,,,,,
715,2,361.2,,0.508,,,,,
716,2,312.7,,0.507,,,,,
717,2,600.0,,0.506,,,,,
718,2,419.2,,0.502,,,,,
719,2,565.5,,0.5,,,,,
720,2,342.5,,0.498,,,,,
721,2,188.9,,0.498,,,,,
722,2,441.6,,0.494,,,,,
723,2,374.9,,0.494,,,,,
724,2,359.9,,0.492,,,,,
725,2,366.3,,0.491,,,,,
726,2,335.0,,0.489,,,,,
727,2,512.5,,0.485,,,,,
728,2,364.8,,0.483,,,,,
729,2,339.8,,0.483,,,,,
730,2,437.1,,0.483,,,,,
731,2,346.1,,0.482,,,,,
732,2,312.0,,0.48,,,,,
733,2,303.9,,0.48,,,,,
734,2,294.6,,0.479,,,,,
735,2,417.5,,0.479,,,,,
736,2,349.3,,0.478,,,,,
737,2,714.4,,0.476,,,,,
738,2,362.4,,0.475,,,,,
739,2,186.0,,0.475,,,,,
740,2,253.8,,0.473,,,,,
741,2,543.9,,0.472,,,,,
742,2,356.9,,0.467,,,,,
743,2,343.5,,0.467,,,,,
744,2,303.8,,0.464,,,,,
745,2,844.6,,0.463,,,,,
746,2,393.3,,0.462,,,,,
747,2,381.0,,0.462,,,,,
748,2,285.6,,0.46,,,,,
749,2,1128.1,,0.459,,,,,
750,2,436.0,,0.459,,,,,
751,2,387.5,,0.454,,,,,
752,2,405.1,,0.452,,,,,
753,2,298.6,,0.45,,,,,
754,2,344.6,,0.449,,,,,
755,2,600.4,,0.446,,,,,
756,2,422.2,,0.439,,,,,
757,2,285.5,,0.437,,,,,
758,2,267.0,,0.436,,,,,
759,2,318.0,,0.436,,,,,
760,2,183.0,,0.434,,,,,
761,2,276.0,,0.433,,,,,
762,2,443.3,,0.432,,,,,
763,2,322.6,,0.429,,,,,
764,2,423.1,,0.427,,,,,
765,2,363.8,,0.426,,,,,
766,2,235.4,,0.422,,,,,
767,2,365.6,,0.42,,,,,
768,2,310.2,,0.414,,,,,
769,2,312.9,,0.413,,,,,
770,2,305.2,,0.41,,,,,
771,2,226.8,,0.406,,,,,
772,2,362.1,,0.401,,,,,
773,2,373.2,,0.399,,,,,
774,2,155.1,,0.399,,,,,
775,2,335.9,,0.396,,,,,
776,2,482.4,,0.393,,,,,
777,2,504.8,,0.391,,,,,
778,2,300.4,,0.39,,,,,
779,2,350.4,,0.39,,,,,
780,2,362.2,,0.386,,,,,
781,2,464.0,,0.386,,,,,
782,2,354.0,,0.385,,,,,
783,2,387.7,,0.383,,,,,
784,2,260.9,,0.383,,,,,
785,2,358.6,,0.381,,,,,
786,2,421.9,,0.378,,,,,
787,2,363.6,,0.372,,,,,
788,2,366.7,,0.371,,,,,
789,2,328.0,,0.351,,,,,
790,2,310.2,,0.344,,,,,
791,2,373.8,,0.33,,,,,
792,2,284.2,,0.329,,,,,
793,2,1094.2,,0.315,,,,,
794,2,326.9,,0.315,,,,,
795,2,452.3,,0.309,,,,,
796,2,339.9,,0.306,,,,,
797,2,268.8,,0.3,,,,,
798,2,309.5,,0.289,,,,,
799,2,377.2,,0.279,,,,,
800,2,289.0,,0.277,,,,,
801,2,365.9,,0.276,,,,,
802,2,343.7,,0.274,,,,,
803,2,456.8,,0.265,,,,,
804,2,292.5,,0.261,,,,,
805,2,314.9,,0.26,,,,,
806,2,376.6,,0.252,,,,,
807,3,830.8,,0.694,,,,,
808,3,684.6,,0.688,,,,,
809,3,1542.1,,0.686,,,,,
810,3,1508.7,,0.682,,,,,
811,3,1032.1,,0.679,,,,,
812,3,838.9,,0.675,,,,,
813,3,963.8,,0.675,,,,,
814,3,1004.4,,0.674,,,,,
815,3,1098.7,,0.673,,,,,
816,3,726.1,,0.67,,,,,
817,3,958.6,,0.666,,,,,
818,3,687.3,,0.664,,,,,
819,3,904.9,,0.663,,,,,
820,3,740.1,,0.663,,,,,
821,3,1307.8,,0.661,,,,,
822,3,539.2,,0.66,,,,,
823,3,687.8,,0.659,,,,,
824,3,631.6,,0.658,,,,,
825,3,969.1,,0.656,,,,,
826,3,551.8,,0.655,,,,,
827,3,760.8,,0.655,,,,,
828,3,841.3,,0.654,,,,,
829,3,713.0,,0.653,,,,,
830,3,827.6,,0.652,,,,,
831,3,582.4,,0.651,,,,,
832,3,773.6,,0.65,,,,,
833,3,754.6,,0.649,,,,,
834,3,737.4,,0.649,,,,,
835,3,635.7,,0.647,,,,,
836,3,656.1,,0.647,,,,,
837,3,563.6,,0.646,,,,,
838,3,582.6,,0.646,,,,,
839,3,503.0,,0.645,,,,,
840,3,662.0,,0.643,,,,,
841,3,611.9,,0.643,,,,,
842,3,443.0,,0.643,,,,,
843,3,587.8,,0.642,,,,,
844,3,1029.0,,0.641,,,,,
845,3,566.8,,0.641,,,,,
846,3,652.6,,0.64,,,,,
847,3,730.3,,0.64,,,,,
848,3,616.8,,0.639,,,,,
849,3,749.0,,0.639,,,,,
850,3,616.7,,0.639,,,,,
851,3,836.4,,0.638,,,,,
852,3,650.1,,0.636,,,,,
853,3,884.1,,0.636,,,,,
854,3,609.9,,0.636,,,,,
855,3,616.2,,0.636,,,,,
856,3,778.9,,0.635,,,,,
857,3,465.2,,0.634,,,,,
858,3,569.4,,0.634,,,,,
859,3,567.9,,0.634,,,,,
860,3,462.2,,0.633,,,,,
861,3,577.8,,0.633,,,,,
862,3,650.2,,0.632,,,,,
863,3,438.4,,0.632,,,,,
864,3,829.3,,0.63,,,,,
865,3,542.8,,0.629,,,,,
866,3,565.5,,0.629,,,,,
867,3,480.2,,0.629,,,,,
868,3,628.4,,0.628,,,,,
869,3,420.8,,0.627,,,,,
870,3,610.0,,0.625,,,,,
871,3,505.3,,0.624,,,,,
872,3,698.5,,0.624,,,,,
873,3,1312.4,,0.623,,,,,
874,3,627.4,,0.623,,,,,
875,3,510.9,,0.621,,,,,
876,3,489.5,,0.621,,,,,
877,3,481.9,,0.62,,,,,
878,3,344.1,,0.619,,,,,
879,3,617.4,,0.617,,,,,
880,3,459.6,,0.616,,,,,
881,3,431.9,,0.616,,,,,
882,3,565.9,,0.615,,,,,
883,3,453.6,,0.614,,,,,
884,3,452.4,,0.612,,,,,
885,3,1255.9,,0.612,,,,,
886,3,424.3,,0.611,,,,,
887,3,380.7,,0.608,,,,,
888,3,917.9,,0.605,,,,,
889,3,451.5,,0.605,,,,,
890,3,429.9,,0.603,,,,,
891,3,556.9,,0.603,,,,,
892,3,386.2,,0.601,,,,,
893,3,347.0,,0.601,,,,,
894,3,376.6,,0.6,,,,,
895,3,557.0,,0.599,,,,,
896,3,383.0,,0.597,,,,,
897,3,414.7,,0.596,,,,,
898,3,334.1,,0.596,,,,,
899,3,509.7,,0.595,,,,,
900,3,539.3,,0.595,,,,,
901,3,484.9,,0.594,,,,,
902,3,536.2,,0.592,,,,,
903,3,520.4,,0.592,,,,,
904,3,480.9,,0.592,,,,,
905,3,418.1,,0.591,,,,,
906,3,509.3,,0.59,,,,,
907,3,435.0,,0.589,,,,,
908,3,408.1,,0.589,,,,,
909,3,340.0,,0.589,,,,,
910,3,420.1,,0.589,,,,,
911,3,489.7,,0.587,,,,,
912,3,366.8,,0.586,,,,,
913,3,367.9,,0.584,,,,,
914,3,456.3,,0.584,,,,,
915,3,374.9,,0.582,,,,,
916,3,478.2,,0.581,,,,,
917,3,409.7,,0.58,,,,,
918,3,295.9,,0.58,,,,,
919,3,443.0,,0.58,,,,,
920,3,478.5,,0.579,,,,,
921,3,364.1,,0.579,,,,,
922,3,447.5,,0.578,,,,,
923,3,394.3,,0.577,,,,,
924,3,364.3,,0.575,,,,,
925,3,455.4,,0.574,,,,,
926,3,390.3,,0.574,,,,,
927,3,534.8,,0.571,,,,,
928,3,667.7,,0.57,,,,,
929,3,290.2,,0.569,,,,,
930,3,288.4,,0.569,,,,,
931,3,325.6,,0.568,,,,,
932,3,449.1,,0.568,,,,,
933,3,533.9,,0.568,,,,,
934,3,279.8,,0.568,,,,,
935,3,341.4,,0.568,,,,,
936,3,433.3,,0.567,,,,,
937,3,272.7,,0.566,,,,,
938,3,299.7,,0.566,,,,,
939,3,336.4,,0.566,,,,,
940,3,432.7,,0.565,,,,,
941,3,813.4,,0.564,,,,,
942,3,372.8,,0.562,,,,,
943,3,441.4,,0.562,,,,,
944,3,336.5,,0.561,,,,,
945,3,711.1,,0.559,,,,,
946,3,443.6,,0.558,,,,,
947,3,440.0,,0.558,,,,,
948,3,582.3,,0.557,,,,,
949,3,321.5,,0.556,,,,,
950,3,201.9,,0.556,,,,,
951,3,442.8,,0.555,,,,,
952,3,324.9,,0.554,,,,,
953,3,315.0,,0.553,,,,,
954,3,270.2,,0.553,,,,,
955,3,369.6,,0.553,,,,,
956,3,341.6,,0.552,,,,,
957,3,329.6,,0.551,,,,,
958,3,327.5,,0.551,,,,,
959,3,401.2,,0.55,,,,,
960,3,467.2,,0.55,,,,,
961,3,421.3,,0.55,,,,,
962,3,321.6,,0.549,,,,,
963,3,320.8,,0.549,,,,,
964,3,350.9,,0.547,,,,,
965,3,303.3,,0.546,,,,,
966,3,309.1,,0.545,,,,,
967,3,378.3,,0.545,,,,,
968,3,332.6,,0.545,,,,,
969,3,253.4,,0.545,,,,,
970,3,326.9,,0.542,,,,,
971,3,303.6,,0.54,,,,,
972,3,288.1,,0.537,,,,,
973,3,639.9,,0.537,,,,,
974,3,312.6,,0.535,,,,,
975,3,309.5,,0.535,,,,,
976,3,291.0,,0.534,,,,,
977,3,384.7,,0.534,,,,,
978,3,369.8,,0.533,,,,,
979,3,226.1,,0.531,,,,,
980,3,342.1,,0.531,,,,,
981,3,280.5,,0.53,,,,,
982,3,274.6,,0.53,,,,,
983,3,307.8,,0.529,,,,,
984,3,379.7,,0.529,,,,,
985,3,338.5,,0.528,,,,,
986,3,373.1,,0.527,,,,,
987,3,338.0,,0.524,,,,,
988,3,421.3,,0.522,,,,,
989,3,393.6,,0.521,,,,,
990,3,406.3,,0.52,,,,,
991,3,271.7,,0.519,,,,,
992,3,274.4,,0.519,,,,,
993,3,355.7,,0.518,,,,,
994,3,597.6,,0.518,,,,,
995,3,349.7,,0.517,,,,,
996,3,353.9,,0.517,,,,,
997,3,268.8,,0.517,,,,,
998,3,293.4,,0.514,,,,,
999,3,394.8,,0.513,,,,,
1000,3,383.4,,0.513,,,,,
1001,3,267.7,,0.512,,,,,
1002,3,818.3,,0.512,,,,,
1003,3,331.2,,0.511,,,,,
1004,3,447.8,,0.51,,,,,
1005,3,428.0,,0.509,,,,,
1006,3,301.8,,0.509,,,,,
1007,3,295.0,,0.508,,,,,
1008,3,326.3,,0.508,,,,,
1009,3,392.8,,0.505,,,,,
1010,3,306.0,,0.504,,,,,
1011,3,342.0,,0.503,,,,,
1012,3,349.9,,0.503,,,,,
1013,3,226.9,,0.499,,,,,
1014,3,165.4,,0.499,,,,,
1015,3,400.4,,0.499,,,,,
1016,3,358.3,,0.498,,,,,
1017,3,319.0,,0.497,,,,,
1018,3,186.0,,0.492,,,,,
1019,3,314.1,,0.491,,,,,
1020,3,203.3,,0.49,,,,,
1021,3,388.0,,0.489,,,,,
1022,3,384.7,,0.489,,,,,
1023,3,291.0,,0.486,,,,,
1024,3,337.8,,0.486,,,,,
1025,3,334.9,,0.483,,,,,
1026,3,589.1,,0.483,,,,,
1027,3,254.1,,0.481,,,,,
1028,3,198.3,,0.481,,,,,
1029,3,384.4,,0.478,,,,,
1030,3,222.4,,0.478,,,,,
1031,3,307.8,,0.478,,,,,
1032,3,347.6,,0.477,,,,,
1033,3,251.0,,0.475,,,,,
1034,3,282.9,,0.473,,,,,
1035,3,254.2,,0.472,,,,,
1036,3,1009.3,,0.471,,,,,
1037,3,217.8,,0.469,,,,,
1038,3,375.6,,0.468,,,,,
1039,3,272.2,,0.468,,,,,
1040,3,252.2,,0.467,,,,,
1041,3,389.3,,0.467,,,,,
1042,3,307.3,,0.465,,,,,
1043,3,319.7,,0.465,,,,,
1044,3,282.3,,0.459,,,,,
1045,3,336.4,,0.457,,,,,
1046,3,226.9,,0.457,,,,,
1047,3,272.3,,0.455,,,,,
1048,3,310.8,,0.453,,,,,
1049,3,244.6,,0.452,,,,,
1050,3,1813.1,,0.451,,,,,
1051,3,213.5,,0.449,,,,,
1052,3,291.0,,0.448,,,,,
1053,3,216.6,,0.445,,,,,
1054,3,670.6,,0.439,,,,,
1055,3,259.8,,0.439,,,,,
1056,3,237.3,,0.438,,,,,
1057,3,312.5,,0.437,,,,,
1058,3,151.4,,0.428,,,,,
1059,3,513.9,,0.427,,,,,
1060,3,234.8,,0.425,,,,,
1061,3,259.5,,0.423,,,,,
1062,3,214.0,,0.422,,,,,
1063,3,510.5,,0.422,,,,,
1064,3,981.7,,0.419,,,,,
1065,3,333.0,,0.418,,,,,
1066,3,315.5,,0.418,,,,,
1067,3,599.6,,0.417,,,,,
1068,3,1351.6,,0.411,,,,,
1069,3,354.8,,0.408,,,,,
1070,3,209.5,,0.407,,,,,
1071,3,1499.5,,0.406,,,,,
1072,3,219.3,,0.404,,,,,
1073,3,198.1,,0.401,,,,,
1074,3,256.5,,0.395,,,,,
1075,3,247.0,,0.389,,,,,
1076,3,241.8,,0.383,,,,,
1077,3,259.8,,0.379,,,,,
1078,3,223.8,,0.373,,,,,
1079,3,332.9,,0.372,,,,,
1080,3,219.6,,0.371,,,,,
1081,3,256.2,,0.367,,,,,
1082,3,234.2,,0.367,,,,,
1083,3,303.4,,0.366,,,,,
1084,3,257.7,,0.364,,,,,
1085,3,242.8,,0.364,,,,,
1086,3,146.2,,0.36,,,,,
1087,3,381.6,,0.359,,,,,
1088,3,173.7,,0.356,,,,,
1089,3,225.5,,0.346,,,,,
1090,3,281.7,,0.343,,,,,
1091,3,242.6,,0.341,,,,,
1092,3,607.0,,0.333,,,,,
1093,3,219.9,,0.328,,,,,
1094,3,319.2,,0.327,,,,,
1095,3,265.1,,0.325,,,,,
1096,3,661.9,,0.325,,,,,
1097,3,314.4,,0.324,,,,,
1098,3,242.8,,0.307,,,,,
1099,3,277.7,,0.297,,,,,
1100,3,1107.2,,0.296,,,,,
1101,3,396.0,,0.294,,,,,
1102,3,198.9,,0.291,,,,,
1103,3,226.2,,0.288,,,,,
1104,3,502.8,,0.287,,,,,
1105,3,277.0,,0.284,,,,,
1106,3,194.6,,0.28,,,,,
1107,3,435.3,,0.268,,,,,
1108,3,202.7,,0.26,,,,,
1109,3,414.9,,0.256,,,,,
1110,3,924.6,,0.253,,,,,
1111,3,572.7,,0.252,,,,,
1112,4,1508.7,,0.707,,,,,
1113,4,696.7,,0.672,,,,,
1114,4,1008.1,,0.669,,,,,
1115,4,1052.4,,0.669,,,,,
1116,4,1239.1,,0.667,,,,,
1117,4,875.5,,0.662,,,,,
1118,4,1225.4,,0.66,,,,,
1119,4,743.6,,0.659,,,,,
1120,4,491.1,,0.655,,,,,
1121,4,781.4,,0.655,,,,,
1122,4,834.3,,0.653,,,,,
1123,4,856.9,,0.653,,,,,
1124,4,700.5,,0.652,,,,,
1125,4,813.7,,0.652,,,,,
1126,4,766.6,,0.651,,,,,
1127,4,486.9,,0.648,,,,,
1128,4,734.9,,0.648,,,,,
1129,4,884.7,,0.644,,,,,
1130,4,608.5,,0.644,,,,,
1131,4,696.5,,0.644,,,,,
1132,4,852.9,,0.643,,,,,
1133,4,512.6,,0.642,,,,,
1134,4,955.6,,0.642,,,,,
1135,4,890.4,,0.64,,,,,
1136,4,483.1,,0.639,,,,,
1137,4,559.8,,0.639,,,,,
1138,4,560.0,,0.637,,,,,
1139,4,698.6,,0.636,,,,,
1140,4,597.3,,0.635,,,,,
1141,4,759.6,,0.634,,,,,
1142,4,684.9,,0.634,,,,,
1143,4,682.8,,0.632,,,,,
1144,4,536.1,,0.632,,,,,
1145,4,660.9,,0.631,,,,,
1146,4,639.8,,0.63,,,,,
1147,4,463.7,,0.63,,,,,
1148,4,741.4,,0.63,,,,,
1149,4,595.6,,0.629,,,,,
1150,4,576.0,,0.629,,,,,
1151,4,555.5,,0.629,,,,,
1152,4,526.3,,0.628,,,,,
1153,4,651.0,,0.628,,,,,
1154,4,685.8,,0.628,,,,,
1155,4,541.3,,0.628,,,,,
1156,4,588.4,,0.627,,,,,
1157,4,739.1,,0.626,,,,,
1158,4,793.1,,0.626,,,,,
1159,4,857.7,,0.626,,,,,
1160,4,510.5,,0.624,,,,,
1161,4,723.2,,0.624,,,,,
1162,4,473.3,,0.622,,,,,
1163,4,458.5,,0.622,,,,,
1164,4,598.3,,0.622,,,,,
1165,4,545.2,,0.621,,,,,
1166,4,527.8,,0.621,,,,,
1167,4,680.1,,0.62,,,,,
1168,4,542.8,,0.62,,,,,
1169,4,496.6,,0.618,,,,,
1170,4,738.0,,0.618,,,,,
1171,4,536.6,,0.618,,,,,
1172,4,442.4,,0.617,,,,,
1173,4,764.2,,0.617,,,,,
1174,4,595.1,,0.616,,,,,
1175,4,412.9,,0.615,,,,,
1176,4,492.3,,0.615,,,,,
1177,4,593.9,,0.612,,,,,
1178,4,497.0,,0.612,,,,,
1179,4,556.3,,0.612,,,,,
1180,4,1313.5,,0.611,,,,,
1181,4,563.9,,0.61,,,,,
1182,4,453.3,,0.609,,,,,
1183,4,432.6,,0.608,,,,,
1184,4,650.9,,0.605,,,,,
1185,4,376.4,,0.605,,,,,
1186,4,587.2,,0.605,,,,,
1187,4,468.8,,0.604,,,,,
1188,4,551.9,,0.602,,,,,
1189,4,510.1,,0.602,,,,,
1190,4,495.8,,0.6,,,,,
1191,4,494.2,,0.6,,,,,
1192,4,395.0,,0.599,,,,,
1193,4,440.5,,0.599,,,,,
1194,4,556.4,,0.598,,,,,
1195,4,463.5,,0.597,,,,,
1196,4,508.0,,0.597,,,,,
1197,4,569.1,,0.596,,,,,
1198,4,423.8,,0.596,,,,,
1199,4,372.2,,0.594,,,,,
1200,4,475.8,,0.594,,,,,
1201,4,550.4,,0.594,,,,,
1202,4,372.8,,0.594,,,,,
1203,4,473.3,,0.592,,,,,
1204,4,456.7,,0.591,,,,,
1205,4,513.9,,0.591,,,,,
1206,4,378.5,,0.591,,,,,
1207,4,736.4,,0.59,,,,,
1208,4,500.2,,0.59,,,,,
1209,4,501.4,,0.59,,,,,
1210,4,560.3,,0.589,,,,,
1211,4,592.7,,0.589,,,,,
1212,4,395.9,,0.585,,,,,
1213,4,468.4,,0.585,,,,,
1214,4,436.8,,0.585,,,,,
1215,4,546.8,,0.584,,,,,
1216,4,363.9,,0.584,,,,,
1217,4,472.4,,0.584,,,,,
1218,4,516.1,,0.584,,,,,
1219,4,522.1,,0.583,,,,,
1220,4,558.5,,0.583,,,,,
1221,4,381.6,,0.582,,,,,
1222,4,564.4,,0.582,,,,,
1223,4,576.7,,0.582,,,,,
1224,4,479.5,,0.581,,,,,
1225,4,443.5,,0.581,,,,,
1226,4,326.0,,0.58,,,,,
1227,4,990.5,,0.579,,,,,
1228,4,490.5,,0.577,,,,,
1229,4,536.2,,0.577,,,,,
1230,4,541.4,,0.577,,,,,
1231,4,589.0,,0.576,,,,,
1232,4,354.3,,0.575,,,,,
1233,4,463.8,,0.574,,,,,
1234,4,442.0,,0.574,,,,,
1235,4,670.6,,0.574,,,,,
1236,4,452.4,,0.574,,,,,
1237,4,311.2,,0.573,,,,,
1238,4,419.0,,0.573,,,,,
1239,4,342.1,,0.571,,,,,
1240,4,387.1,,0.571,,,,,
1241,4,376.4,,0.57,,,,,
1242,4,452.0,,0.57,,,,,
1243,4,535.7,,0.57,,,,,
1244,4,364.8,,0.569,,,,,
1245,4,495.8,,0.569,,,,,
1246,4,457.6,,0.568,,,,,
1247,4,266.2,,0.568,,,,,
1248,4,393.2,,0.568,,,,,
1249,4,388.1,,0.567,,,,,
1250,4,791.8,,0.565,,,,,
1251,4,472.2,,0.564,,,,,
1252,4,476.9,,0.563,,,,,
1253,4,374.6,,0.562,,,,,
1254,4,400.2,,0.562,,,,,
1255,4,292.3,,0.561,,,,,
1256,4,321.9,,0.561,,,,,
1257,4,387.3,,0.56,,,,,
1258,4,350.0,,0.558,,,,,
1259,4,373.7,,0.555,,,,,
1260,4,345.4,,0.552,,,,,
1261,4,460.4,,0.552,,,,,
1262,4,428.2,,0.55,,,,,
1263,4,386.5,,0.548,,,,,
1264,4,463.7,,0.548,,,,,
1265,4,475.3,,0.548,,,,,
1266,4,324.4,,0.546,,,,,
1267,4,759.9,,0.546,,,,,
1268,4,456.6,,0.544,,,,,
1269,4,350.7,,0.543,,,,,
1270,4,388.5,,0.543,,,,,
1271,4,343.1,,0.542,,,,,
1272,4,435.7,,0.541,,,,,
1273,4,667.1,,0.541,,,,,
1274,4,417.3,,0.54,,,,,
1275,4,264.3,,0.54,,,,,
1276,4,362.9,,0.54,,,,,
1277,4,493.1,,0.54,,,,,
1278,4,333.8,,0.539,,,,,
1279,4,386.1,,0.537,,,,,
1280,4,461.0,,0.537,,,,,
1281,4,301.6,,0.537,,,,,
1282,4,408.3,,0.537,,,,,
1283,4,773.3,,0.537,,,,,
1284,4,355.5,,0.536,,,,,
1285,4,223.2,,0.535,,,,,
1286,4,359.0,,0.535,,,,,
1287,4,339.7,,0.535,,,,,
1288,4,421.1,,0.534,,,,,
1289,4,465.6,,0.534,,,,,
1290,4,547.6,,0.534,,,,,
1291,4,303.4,,0.533,,,,,
1292,4,587.4,,0.533,,,,,
1293,4,361.4,,0.532,,,,,
1294,4,466.6,,0.531,,,,,
1295,4,258.8,,0.53,,,,,
1296,4,481.4,,0.53,,,,,
1297,4,379.4,,0.526,,,,,
1298,4,378.0,,0.525,,,,,
1299,4,381.2,,0.524,,,,,
1300,4,346.1,,0.524,,,,,
1301,4,252.0,,0.524,,,,,
1302,4,303.7,,0.522,,,,,
1303,4,456.5,,0.52,,,,,
1304,4,343.7,,0.519,,,,,
1305,4,336.9,,0.518,,,,,
1306,4,815.2,,0.518,,,,,
1307,4,296.8,,0.518,,,,,
1308,4,338.7,,0.516,,,,,
1309,4,465.7,,0.514,,,,,
1310,4,292.0,,0.513,,,,,
1311,4,285.0,,0.511,,,,,
1312,4,364.1,,0.511,,,,,
1313,4,250.8,,0.511,,,,,
1314,4,471.1,,0.51,,,,,
1315,4,316.8,,0.51,,,,,
1316,4,342.3,,0.509,,,,,
1317,4,368.5,,0.509,,,,,
1318,4,319.0,,0.508,,,,,
1319,4,311.3,,0.506,,,,,
1320,4,339.5,,0.505,,,,,
1321,4,191.1,,0.505,,,,,
1322,4,447.0,,0.505,,,,,
1323,4,411.7,,0.504,,,,,
1324,4,466.9,,0.504,,,,,
1325,4,384.5,,0.5,,,,,
1326,4,294.1,,0.494,,,,,
1327,4,225.3,,0.49,,,,,
1328,4,450.4,,0.49,,,,,
1329,4,278.2,,0.487,,,,,
1330,4,376.4,,0.485,,,,,
1331,4,275.8,,0.484,,,,,
1332,4,189.5,,0.484,,,,,
1333,4,289.1,,0.482,,,,,
1334,4,764.6,,0.48,,,,,
1335,4,304.0,,0.478,,,,,
1336,4,351.0,,0.478,,,,,
1337,4,246.1,,0.477,,,,,
1338,4,225.1,,0.477,,,,,
1339,4,401.5,,0.474,,,,,
1340,4,374.7,,0.473,,,,,
1341,4,318.1,,0.473,,,,,
1342,4,1459.3,,0.47,,,,,
1343,4,353.4,,0.467,,,,,
1344,4,728.5,,0.465,,,,,
1345,4,323.6,,0.465,,,,,
1346,4,317.6,,0.462,,,,,
1347,4,397.6,,0.459,,,,,
1348,4,259.9,,0.459,,,,,
1349,4,492.5,,0.457,,,,,
1350,4,330.8,,0.454,,,,,
1351,4,411.8,,0.454,,,,,
1352,4,410.4,,0.453,,,,,
1353,4,347.0,,0.452,,,,,
1354,4,532.3,,0.45,,,,,
1355,4,349.9,,0.448,,,,,
1356,4,363.5,,0.447,,,,,
1357,4,306.9,,0.446,,,,,
1358,4,378.9,,0.442,,,,,
1359,4,322.6,,0.438,,,,,
1360,4,375.3,,0.437,,,,,
1361,4,275.0,,0.436,,,,,
1362,4,888.4,,0.435,,,,,
1363,4,313.2,,0.431,,,,,
1364,4,480.0,,0.429,,,,,
1365,4,249.0,,0.426,,,,,
1366,4,299.2,,0.426,,,,,
1367,4,253.8,,0.424,,,,,
1368,4,364.9,,0.422,,,,,
1369,4,383.9,,0.421,,,,,
1370,4,288.6,,0.42,,,,,
1371,4,284.7,,0.418,,,,,
1372,4,210.3,,0.417,,,,,
1373,4,329.3,,0.416,,,,,
1374,4,283.0,,0.414,,,,,
1375,4,307.5,,0.409,,,,,
1376,4,234.4,,0.409,,,,,
1377,4,383.5,,0.403,,,,,
1378,4,220.5,,0.401,,,,,
1379,4,293.1,,0.399,,,,,
1380,4,313.7,,0.397,,,,,
1381,4,255.0,,0.395,,,,,
1382,4,304.3,,0.394,,,,,
1383,4,312.5,,0.379,,,,,
1384,4,383.9,,0.378,,,,,
1385,4,260.7,,0.378,,,,,
1386,4,496.8,,0.378,,,,,
1387,4,250.0,,0.377,,,,,
1388,4,440.4,,0.372,,,,,
1389,4,562.1,,0.366,,,,,
1390,4,236.8,,0.363,,,,,
1391,4,222.1,,0.363,,,,,
1392,4,325.8,,0.361,,,,,
1393,4,814.7,,0.356,,,,,
1394,4,436.4,,0.355,,,,,
1395,4,710.3,,0.352,,,,,
1396,4,579.7,,0.34,,,,,
1397,4,234.2,,0.337,,,,,
1398,4,143.7,,0.336,,,,,
1399,4,223.6,,0.334,,,,,
1400,4,402.6,,0.33,,,,,
1401,4,368.0,,0.33,,,,,
1402,4,235.1,,0.326,,,,,
1403,4,231.9,,0.325,,,,,
1404,4,404.4,,0.309,,,,,
1405,4,321.1,,0.307,,,,,
1406,4,369.0,,0.293,,,,,
1407,4,159.5,,0.292,,,,,
1408,4,324.5,,0.291,,,,,
1409,4,302.6,,0.284,,,,,
1410,4,210.0,,0.281,,,,,
1411,4,648.9,,0.278,,,,,
1412,4,308.2,,0.275,,,,,
1413,4,347.1,,0.266,,,,,
1414,4,261.4,,0.263,,,,,
1415,4,305.8,,0.261,,,,,
1416,4,1067.4,,0.26,,,,,
1417,4,592.9,,0.255,,,,,
1418,4,786.7,,0.253,,,,,
1419,5,752.3,,0.672,,,,,
1420,5,960.1,,0.672,,,,,
1421,5,713.3,,0.671,,,,,
1422,5,597.4,,0.671,,,,,
1423,5,915.4,,0.671,,,,,
1424,5,1044.1,,0.668,,,,,
1425,5,897.2,,0.668,,,,,
1426,5,744.4,,0.666,,,,,
1427,5,781.7,,0.663,,,,,
1428,5,658.5,,0.662,,,,,
1429,5,749.1,,0.661,,,,,
1430,5,1311.3,,0.66,,,,,
1431,5,1008.0,,0.66,,,,,
1432,5,1022.0,,0.656,,,,,
1433,5,975.1,,0.655,,,,,
1434,5,968.6,,0.652,,,,,
1435,5,545.3,,0.651,,,,,
1436,5,813.1,,0.65,,,,,
1437,5,1214.2,,0.649,,,,,
1438,5,682.5,,0.648,,,,,
1439,5,767.3,,0.646,,,,,
1440,5,796.5,,0.645,,,,,
1441,5,825.4,,0.645,,,,,
1442,5,690.1,,0.644,,,,,
1443,5,1184.1,,0.644,,,,,
1444,5,561.1,,0.643,,,,,
1445,5,668.5,,0.642,,,,,
1446,5,1069.8,,0.639,,,,,
1447,5,775.2,,0.638,,,,,
1448,5,484.0,,0.637,,,,,
1449,5,918.8,,0.637,,,,,
1450,5,747.7,,0.637,,,,,
1451,5,488.5,,0.636,,,,,
1452,5,694.5,,0.635,,,,,
1453,5,547.5,,0.635,,,,,
1454,5,767.5,,0.634,,,,,
1455,5,561.4,,0.633,,,,,
1456,5,586.0,,0.632,,,,,
1457,5,749.7,,0.632,,,,,
1458,5,757.7,,0.631,,,,,
1459,5,630.9,,0.629,,,,,
1460,5,621.9,,0.629,,,,,
1461,5,1126.2,,0.629,,,,,
1462,5,610.7,,0.629,,,,,
1463,5,616.4,,0.629,,,,,
1464,5,516.1,,0.627,,,,,
1465,5,602.4,,0.627,,,,,
1466,5,461.4,,0.627,,,,,
1467,5,530.5,,0.627,,,,,
1468,5,732.4,,0.626,,,,,
1469,5,763.8,,0.626,,,,,
1470,5,474.4,,0.626,,,,,
1471,5,640.8,,0.626,,,,,
1472,5,522.8,,0.625,,,,,
1473,5,915.1,,0.624,,,,,
1474,5,766.3,,0.624,,,,,
1475,5,646.6,,0.623,,,,,
1476,5,653.7,,0.623,,,,,
1477,5,490.0,,0.623,,,,,
1478,5,519.2,,0.623,,,,,
1479,5,556.5,,0.621,,,,,
1480,5,531.8,,0.62,,,,,
1481,5,461.1,,0.619,,,,,
1482,5,657.1,,0.619,,,,,
1483,5,468.5,,0.619,,,,,
1484,5,464.1,,0.618,,,,,
1485,5,544.6,,0.618,,,,,
1486,5,425.4,,0.618,,,,,
1487,5,512.8,,0.617,,,,,
1488,5,509.5,,0.617,,,,,
1489,5,451.4,,0.617,,,,,
1490,5,804.8,,0.616,,,,,
1491,5,498.9,,0.616,,,,,
1492,5,507.6,,0.615,,,,,
1493,5,665.2,,0.615,,,,,
1494,5,426.7,,0.614,,,,,
1495,5,1221.8,,0.613,,,,,
1496,5,628.8,,0.612,,,,,
1497,5,1402.3,,0.612,,,,,
1498,5,875.7,,0.61,,,,,
1499,5,658.5,,0.61,,,,,
1500,5,473.2,,0.61,,,,,
1501,5,392.7,,0.61,,,,,
1502,5,656.7,,0.61,,,,,
1503,5,590.5,,0.609,,,,,
1504,5,409.0,,0.608,,,,,
1505,5,592.4,,0.607,,,,,
1506,5,649.6,,0.607,,,,,
1507,5,430.9,,0.607,,,,,
1508,5,769.3,,0.607,,,,,
1509,5,801.9,,0.605,,,,,
1510,5,585.4,,0.604,,,,,
1511,5,515.6,,0.602,,,,,
1512,5,459.0,,0.602,,,,,
1513,5,413.4,,0.6,,,,,
1514,5,636.2,,0.6,,,,,
1515,5,438.7,,0.599,,,,,
1516,5,481.4,,0.598,,,,,
1517,5,493.3,,0.597,,,,,
1518,5,442.8,,0.596,,,,,
1519,5,444.0,,0.596,,,,,
1520,5,433.9,,0.595,,,,,
1521,5,428.6,,0.594,,,,,
1522,5,802.4,,0.594,,,,,
1523,5,397.3,,0.593,,,,,
1524,5,496.3,,0.593,,,,,
1525,5,512.7,,0.591,,,,,
1526,5,711.3,,0.588,,,,,
1527,5,401.9,,0.585,,,,,
1528,5,322.2,,0.584,,,,,
1529,5,345.5,,0.583,,,,,
1530,5,438.6,,0.581,,,,,
1531,5,491.5,,0.578,,,,,
1532,5,368.1,,0.578,,,,,
1533,5,424.9,,0.578,,,,,
1534,5,492.8,,0.577,,,,,
1535,5,507.3,,0.576,,,,,
1536,5,371.1,,0.575,,,,,
1537,5,451.4,,0.574,,,,,
1538,5,428.0,,0.573,,,,,
1539,5,525.8,,0.572,,,,,
1540,5,473.1,,0.572,,,,,
1541,5,551.8,,0.572,,,,,
1542,5,468.6,,0.571,,,,,
1543,5,339.7,,0.57,,,,,
1544,5,443.7,,0.57,,,,,
1545,5,403.1,,0.569,,,,,
1546,5,474.6,,0.569,,,,,
1547,5,475.4,,0.568,,,,,
1548,5,391.0,,0.568,,,,,
1549,5,416.2,,0.566,,,,,
1550,5,362.6,,0.565,,,,,
1551,5,311.5,,0.564,,,,,
1552,5,276.5,,0.562,,,,,
1553,5,562.1,,0.561,,,,,
1554,5,456.3,,0.561,,,,,
1555,5,301.6,,0.56,,,,,
1556,5,230.8,,0.558,,,,,
1557,5,363.6,,0.557,,,,,
1558,5,384.0,,0.557,,,,,
1559,5,322.6,,0.557,,,,,
1560,5,448.6,,0.556,,,,,
1561,5,455.6,,0.556,,,,,
1562,5,421.9,,0.556,,,,,
1563,5,452.4,,0.555,,,,,
1564,5,509.5,,0.554,,,,,
1565,5,390.2,,0.553,,,,,
1566,5,468.4,,0.553,,,,,
1567,5,259.5,,0.552,,,,,
1568,5,490.9,,0.551,,,,,
1569,5,356.2,,0.551,,,,,
1570,5,453.8,,0.549,,,,,
1571,5,439.1,,0.549,,,,,
1572,5,469.5,,0.549,,,,,
1573,5,483.7,,0.549,,,,,
1574,5,344.3,,0.548,,,,,
1575,5,432.0,,0.548,,,,,
1576,5,348.2,,0.548,,,,,
1577,5,390.6,,0.548,,,,,
1578,5,1276.0,,0.547,,,,,
1579,5,485.4,,0.545,,,,,
1580,5,418.4,,0.545,,,,,
1581,5,416.3,,0.544,,,,,
1582,5,460.0,,0.544,,,,,
1583,5,380.5,,0.544,,,,,
1584,5,414.0,,0.543,,,,,
1585,5,360.8,,0.542,,,,,
1586,5,444.7,,0.542,,,,,
1587,5,427.1,,0.542,,,,,
1588,5,522.4,,0.542,,,,,
1589,5,283.7,,0.54,,,,,
1590,5,305.3,,0.539,,,,,
1591,5,491.9,,0.538,,,,,
1592,5,370.1,,0.538,,,,,
1593,5,378.7,,0.538,,,,,
1594,5,260.9,,0.538,,,,,
1595,5,449.4,,0.537,,,,,
1596,5,331.1,,0.537,,,,,
1597,5,374.1,,0.537,,,,,
1598,5,270.0,,0.535,,,,,
1599,5,358.8,,0.535,,,,,
1600,5,355.1,,0.532,,,,,
1601,5,487.8,,0.526,,,,,
1602,5,352.2,,0.526,,,,,
1603,5,375.2,,0.526,,,,,
1604,5,394.9,,0.525,,,,,
1605,5,331.4,,0.524,,,,,
1606,5,438.1,,0.523,,,,,
1607,5,332.1,,0.522,,,,,
1608,5,242.8,,0.522,,,,,
1609,5,432.1,,0.521,,,,,
1610,5,284.2,,0.521,,,,,
1611,5,449.8,,0.52,,,,,
1612,5,438.8,,0.519,,,,,
1613,5,605.9,,0.518,,,,,
1614,5,330.6,,0.515,,,,,
1615,5,320.8,,0.515,,,,,
1616,5,420.2,,0.515,,,,,
1617,5,378.6,,0.515,,,,,
1618,5,419.2,,0.514,,,,,
1619,5,453.7,,0.511,,,,,
1620,5,340.1,,0.51,,,,,
1621,5,285.1,,0.509,,,,,
1622,5,321.4,,0.506,,,,,
1623,5,436.0,,0.503,,,,,
1624,5,284.5,,0.503,,,,,
1625,5,453.4,,0.501,,,,,
1626,5,430.9,,0.499,,,,,
1627,5,823.1,,0.499,,,,,
1628,5,413.0,,0.498,,,,,
1629,5,348.1,,0.497,,,,,
1630,5,305.7,,0.496,,,,,
1631,5,278.0,,0.494,,,,,
1632,5,512.2,,0.494,,,,,
1633,5,432.4,,0.49,,,,,
1634,5,278.8,,0.489,,,,,
1635,5,397.5,,0.488,,,,,
1636,5,398.4,,0.487,,,,,
1637,5,471.4,,0.486,,,,,
1638,5,314.1,,0.486,,,,,
1639,5,506.7,,0.485,,,,,
1640,5,358.6,,0.484,,,,,
1641,5,373.7,,0.483,,,,,
1642,5,609.8,,0.481,,,,,
1643,5,309.1,,0.48,,,,,
1644,5,406.5,,0.48,,,,,
1645,5,325.3,,0.475,,,,,
1646,5,362.5,,0.474,,,,,
1647,5,359.4,,0.468,,,,,
1648,5,312.0,,0.467,,,,,
1649,5,330.6,,0.467,,,,,
1650,5,383.5,,0.467,,,,,
1651,5,350.7,,0.463,,,,,
1652,5,331.2,,0.46,,,,,
1653,5,359.6,,0.459,,,,,
1654,5,453.4,,0.458,,,,,
1655,5,417.4,,0.458,,,,,
1656,5,415.0,,0.457,,,,,
1657,5,214.9,,0.451,,,,,
1658,5,276.2,,0.449,,,,,
1659,5,600.5,,0.446,,,,,
1660,5,439.9,,0.443,,,,,
1661,5,299.3,,0.442,,,,,
1662,5,274.9,,0.441,,,,,
1663,5,400.3,,0.44,,,,,
1664,5,316.5,,0.438,,,,,
1665,5,351.3,,0.43,,,,,
1666,5,229.0,,0.426,,,,,
1667,5,301.2,,0.424,,,,,
1668,5,172.6,,0.42,,,,,
1669,5,267.8,,0.418,,,,,
1670,5,309.7,,0.418,,,,,
1671,5,549.6,,0.415,,,,,
1672,5,493.2,,0.414,,,,,
1673,5,435.7,,0.413,,,,,
1674,5,256.8,,0.413,,,,,
1675,5,370.4,,0.407,,,,,
1676,5,218.6,,0.403,,,,,
1677,5,356.0,,0.402,,,,,
1678,5,295.7,,0.397,,,,,
1679,5,249.5,,0.393,,,,,
1680,5,379.5,,0.388,,,,,
1681,5,420.2,,0.386,,,,,
1682,5,364.6,,0.384,,,,,
1683,5,513.6,,0.361,,,,,
1684,5,304.2,,0.355,,,,,
1685,5,309.8,,0.354,,,,,
1686,5,191.2,,0.353,,,,,
1687,5,236.6,,0.352,,,,,
1688,5,436.6,,0.351,,,,,
1689,5,209.1,,0.351,,,,,
1690,5,264.4,,0.342,,,,,
1691,5,219.9,,0.342,,,,,
1692,5,297.4,,0.34,,,,,
1693,5,1040.5,,0.336,,,,,
1694,5,255.2,,0.326,,,,,
1695,5,225.0,,0.323,,,,,
1696,5,373.8,,0.321,,,,,
1697,5,875.2,,0.317,,,,,
1698,5,261.4,,0.31,,,,,
1699,5,191.4,,0.29,,,,,
1700,5,372.1,,0.286,,,,,
1701,5,244.5,,0.281,,,,,
1702,5,317.4,,0.279,,,,,
1703,5,410.0,,0.278,,,,,
1704,5,327.6,,0.277,,,,,
1705,5,740.2,,0.277,,,,,
1706,5,340.5,,0.274,,,,,
1707,5,1541.9,,0.268,,,,,
1708,5,258.9,,0.265,,,,,
1709,5,719.0,,0.263,,,,,
1710,6,827.0,,0.709,,,,,
1711,6,1840.7,,0.698,,,,,
1712,6,1284.7,,0.697,,,,,
1713,6,733.5,,0.689,,,,,
1714,6,1092.1,,0.685,,,,,
1715,6,884.1,,0.684,,,,,
1716,6,1091.2,,0.683,,,,,
1717,6,899.8,,0.683,,,,,
1718,6,743.6,,0.683,,,,,
1719,6,988.3,,0.682,,,,,
1720,6,887.4,,0.682,,,,,
1721,6,615.3,,0.679,,,,,
1722,6,1005.3,,0.678,,,,,
1723,6,728.6,,0.678,,,,,
1724,6,757.0,,0.675,,,,,
1725,6,1116.6,,0.673,,,,,
1726,6,601.8,,0.671,,,,,
1727,6,639.2,,0.669,,,,,
1728,6,956.9,,0.669,,,,,
1729,6,611.0,,0.667,,,,,
1730,6,800.3,,0.667,,,,,
1731,6,561.3,,0.664,,,,,
1732,6,818.3,,0.66,,,,,
1733,6,809.7,,0.658,,,,,
1734,6,496.2,,0.655,,,,,
1735,6,659.8,,0.654,,,,,
1736,6,1958.2,,0.654,,,,,
1737,6,540.6,,0.652,,,,,
1738,6,629.1,,0.652,,,,,
1739,6,503.4,,0.651,,,,,
1740,6,779.9,,0.65,,,,,
1741,6,661.7,,0.65,,,,,
1742,6,704.1,,0.649,,,,,
1743,6,711.9,,0.649,,,,,
1744,6,607.5,,0.649,,,,,
1745,6,611.0,,0.648,,,,,
1746,6,612.2,,0.647,,,,,
1747,6,654.6,,0.646,,,,,
1748,6,755.0,,0.646,,,,,
1749,6,555.8,,0.645,,,,,
1750,6,492.5,,0.645,,,,,
1751,6,693.2,,0.645,,,,,
1752,6,488.2,,0.645,,,,,
1753,6,671.2,,0.644,,,,,
1754,6,807.1,,0.644,,,,,
1755,6,462.7,,0.643,,,,,
1756,6,701.9,,0.642,,,,,
1757,6,526.8,,0.639,,,,,
1758,6,719.5,,0.638,,,,,
1759,6,970.5,,0.638,,,,,
1760,6,600.8,,0.637,,,,,
1761,6,562.7,,0.637,,,,,
1762,6,481.6,,0.637,,,,,
1763,6,475.5,,0.636,,,,,
1764,6,503.9,,0.635,,,,,
1765,6,1108.5,,0.635,,,,,
1766,6,606.7,,0.635,,,,,
1767,6,469.7,,0.634,,,,,
1768,6,500.7,,0.633,,,,,
1769,6,510.9,,0.633,,,,,
1770,6,688.4,,0.633,,,,,
1771,6,427.3,,0.632,,,,,
1772,6,495.8,,0.631,,,,,
1773,6,924.3,,0.631,,,,,
1774,6,458.7,,0.628,,,,,
1775,6,802.8,,0.627,,,,,
1776,6,512.6,,0.626,,,,,
1777,6,469.3,,0.626,,,,,
1778,6,499.0,,0.625,,,,,
1779,6,422.6,,0.625,,,,,
1780,6,1004.8,,0.625,,,,,
1781,6,408.7,,0.624,,,,,
1782,6,411.4,,0.623,,,,,
1783,6,415.5,,0.623,,,,,
1784,6,472.5,,0.623,,,,,
1785,6,408.4,,0.622,,,,,
1786,6,437.9,,0.622,,,,,
1787,6,399.9,,0.622,,,,,
1788,6,463.7,,0.622,,,,,
1789,6,656.5,,0.62,,,,,
1790,6,416.1,,0.619,,,,,
1791,6,376.0,,0.618,,,,,
1792,6,616.7,,0.618,,,,,
1793,6,470.9,,0.618,,,,,
1794,6,419.4,,0.618,,,,,
1795,6,370.2,,0.617,,,,,
1796,6,426.6,,0.615,,,,,
1797,6,483.6,,0.615,,,,,
1798,6,434.3,,0.615,,,,,
1799,6,919.4,,0.613,,,,,
1800,6,507.2,,0.612,,,,,
1801,6,416.3,,0.611,,,,,
1802,6,425.8,,0.61,,,,,
1803,6,407.8,,0.609,,,,,
1804,6,406.7,,0.608,,,,,
1805,6,714.8,,0.607,,,,,
1806,6,579.6,,0.607,,,,,
1807,6,793.0,,0.607,,,,,
1808,6,271.2,,0.606,,,,,
1809,6,341.6,,0.606,,,,,
1810,6,375.8,,0.606,,,,,
1811,6,772.6,,0.604,,,,,
1812,6,419.2,,0.604,,,,,
1813,6,394.8,,0.603,,,,,
1814,6,386.7,,0.603,,,,,
1815,6,792.4,,0.603,,,,,
1816,6,392.2,,0.603,,,,,
1817,6,379.6,,0.601,,,,,
1818,6,346.4,,0.601,,,,,
1819,6,399.1,,0.601,,,,,
1820,6,1471.6,,0.601,,,,,
1821,6,696.4,,0.6,,,,,
1822,6,333.3,,0.6,,,,,
1823,6,463.1,,0.596,,,,,
1824,6,399.9,,0.594,,,,,
1825,6,381.8,,0.594,,,,,
1826,6,382.0,,0.593,,,,,
1827,6,589.2,,0.593,,,,,
1828,6,579.1,,0.591,,,,,
1829,6,340.3,,0.588,,,,,
1830,6,385.5,,0.587,,,,,
1831,6,423.1,,0.586,,,,,
1832,6,855.1,,0.586,,,,,
1833,6,1637.3,,0.585,,,,,
1834,6,348.3,,0.584,,,,,
1835,6,331.5,,0.583,,,,,
1836,6,321.1,,0.582,,,,,
1837,6,363.1,,0.578,,,,,
1838,6,303.8,,0.578,,,,,
1839,6,370.1,,0.577,,,,,
1840,6,309.1,,0.576,,,,,
1841,6,317.1,,0.573,,,,,
1842,6,484.4,,0.573,,,,,
1843,6,430.0,,0.572,,,,,
1844,6,350.7,,0.571,,,,,
1845,6,357.4,,0.571,,,,,
1846,6,280.1,,0.57,,,,,
1847,6,368.8,,0.569,,,,,
1848,6,316.8,,0.569,,,,,
1849,6,406.3,,0.568,,,,,
1850,6,234.8,,0.568,,,,,
1851,6,638.9,,0.567,,,,,
1852,6,479.0,,0.566,,,,,
1853,6,353.9,,0.564,,,,,
1854,6,242.3,,0.563,,,,,
1855,6,366.5,,0.561,,,,,
1856,6,416.2,,0.56,,,,,
1857,6,318.1,,0.56,,,,,
1858,6,430.8,,0.559,,,,,
1859,6,331.1,,0.558,,,,,
1860,6,370.8,,0.555,,,,,
1861,6,271.5,,0.555,,,,,
1862,6,499.2,,0.554,,,,,
1863,6,785.7,,0.554,,,,,
1864,6,267.4,,0.554,,,,,
1865,6,603.9,,0.553,,,,,
1866,6,353.8,,0.552,,,,,
1867,6,321.1,,0.551,,,,,
1868,6,452.0,,0.55,,,,,
1869,6,336.1,,0.549,,,,,
1870,6,468.9,,0.549,,,,,
1871,6,202.7,,0.549,,,,,
1872,6,472.9,,0.548,,,,,
1873,6,489.9,,0.548,,,,,
1874,6,378.4,,0.548,,,,,
1875,6,391.5,,0.547,,,,,
1876,6,299.4,,0.547,,,,,
1877,6,349.1,,0.545,,,,,
1878,6,364.2,,0.542,,,,,
1879,6,232.0,,0.542,,,,,
1880,6,471.1,,0.54,,,,,
1881,6,272.9,,0.539,,,,,
1882,6,273.4,,0.538,,,,,
1883,6,275.2,,0.537,,,,,
1884,6,284.6,,0.535,,,,,
1885,6,322.0,,0.533,,,,,
1886,6,159.5,,0.531,,,,,
1887,6,364.9,,0.531,,,,,
1888,6,804.5,,0.528,,,,,
1889,6,458.4,,0.524,,,,,
1890,6,294.0,,0.524,,,,,
1891,6,249.4,,0.523,,,,,
1892,6,387.5,,0.52,,,,,
1893,6,527.7,,0.518,,,,,
1894,6,230.3,,0.518,,,,,
1895,6,318.1,,0.517,,,,,
1896,6,267.8,,0.517,,,,,
1897,6,317.7,,0.517,,,,,
1898,6,400.4,,0.514,,,,,
1899,6,305.6,,0.514,,,,,
1900,6,273.1,,0.514,,,,,
1901,6,278.4,,0.513,,,,,
1902,6,255.4,,0.513,,,,,
1903,6,413.1,,0.512,,,,,
1904,6,340.2,,0.512,,,,,
1905,6,277.8,,0.511,,,,,
1906,6,180.6,,0.511,,,,,
1907,6,317.5,,0.51,,,,,
1908,6,357.3,,0.51,,,,,
1909,6,338.6,,0.508,,,,,
1910,6,318.9,,0.507,,,,,
1911,6,344.5,,0.506,,,,,
1912,6,1132.2,,0.502,,,,,
1913,6,258.5,,0.501,,,,,
1914,6,301.5,,0.501,,,,,
1915,6,1752.0,,0.5,,,,,
1916,6,290.0,,0.499,,,,,
1917,6,464.4,,0.498,,,,,
1918,6,325.1,,0.496,,,,,
1919,6,286.7,,0.496,,,,,
1920,6,253.0,,0.495,,,,,
1921,6,413.9,,0.494,,,,,
1922,6,1761.5,,0.492,,,,,
1923,6,435.8,,0.491,,,,,
1924,6,272.0,,0.489,,,,,
1925,6,255.0,,0.489,,,,,
1926,6,423.3,,0.488,,,,,
1927,6,191.9,,0.485,,,,,
1928,6,266.4,,0.485,,,,,
1929,6,212.9,,0.484,,,,,
1930,6,228.4,,0.482,,,,,
1931,6,245.7,,0.481,,,,,
1932,6,322.2,,0.481,,,,,
1933,6,533.0,,0.48,,,,,
1934,6,348.1,,0.476,,,,,
1935,6,261.2,,0.472,,,,,
1936,6,269.6,,0.47,,,,,
1937,6,267.8,,0.466,,,,,
1938,6,328.2,,0.464,,,,,
1939,6,85.0,,0.463,,,,,
1940,6,315.0,,0.462,,,,,
1941,6,263.4,,0.46,,,,,
1942,6,362.4,,0.456,,,,,
1943,6,258.3,,0.451,,,,,
1944,6,240.7,,0.448,,,,,
1945,6,2020.6,,0.439,,,,,
1946,6,512.5,,0.435,,,,,
1947,6,356.8,,0.433,,,,,
1948,6,810.2,,0.427,,,,,
1949,6,183.7,,0.426,,,,,
1950,6,955.6,,0.423,,,,,
1951,6,228.1,,0.416,,,,,
1952,6,309.3,,0.412,,,,,
1953,6,362.8,,0.408,,,,,
1954,6,249.9,,0.408,,,,,
1955,6,310.8,,0.401,,,,,
1956,6,219.2,,0.398,,,,,
1957,6,731.7,,0.397,,,,,
1958,6,201.8,,0.393,,,,,
1959,6,203.9,,0.391,,,,,
1960,6,263.8,,0.386,,,,,
1961,6,379.2,,0.385,,,,,
1962,6,267.6,,0.385,,,,,
1963,6,1439.5,,0.379,,,,,
1964,6,271.6,,0.37,,,,,
1965,6,2659.3,,0.358,,,,,
1966,6,1201.9,,0.355,,,,,
1967,6,361.1,,0.355,,,,,
1968,6,322.9,,0.35,,,,,
1969,6,284.9,,0.342,,,,,
1970,6,619.0,,0.339,,,,,
1971,6,793.9,,0.336,,,,,
1972,6,221.7,,0.311,,,,,
1973,6,166.7,,0.284,,,,,
1974,6,328.2,,0.283,,,,,
1975,6,1147.4,,0.279,,,,,
1976,6,465.5,,0.277,,,,,
1977,6,290.0,,0.275,,,,,
1978,6,506.0,,0.272,,,,,
1979,6,194.6,,0.267,,,,,
1980,6,187.2,,0.263,,,,,
1981,6,586.4,,0.255,,,,,
1982,7,1213.4,,0.689,,,,,
1983,7,789.4,,0.669,,,,,
1984,7,1041.3,,0.666,,,,,
1985,7,978.7,,0.655,,,,,
1986,7,783.3,,0.654,,,,,
1987,7,705.1,,0.652,,,,,
1988,7,1088.7,,0.651,,,,,
1989,7,816.4,,0.645,,,,,
1990,7,727.3,,0.644,,,,,
1991,7,1079.2,,0.643,,,,,
1992,7,679.5,,0.643,,,,,
1993,7,825.6,,0.637,,,,,
1994,7,732.7,,0.637,,,,,
1995,7,527.7,,0.636,,,,,
1996,7,662.0,,0.635,,,,,
1997,7,589.7,,0.634,,,,,
1998,7,711.9,,0.634,,,,,
1999,7,620.9,,0.633,,,,,
2000,7,1421.6,,0.631,,,,,
2001,7,639.2,,0.631,,,,,
2002,7,1198.1,,0.629,,,,,
2003,7,513.1,,0.628,,,,,
2004,7,737.4,,0.627,,,,,
2005,7,644.3,,0.627,,,,,
2006,7,567.0,,0.627,,,,,
2007,7,673.8,,0.627,,,,,
2008,7,797.3,,0.626,,,,,
2009,7,736.5,,0.626,,,,,
2010,7,848.9,,0.626,,,,,
2011,7,501.2,,0.623,,,,,
2012,7,654.6,,0.623,,,,,
2013,7,648.3,,0.621,,,,,
2014,7,507.6,,0.62,,,,,
2015,7,594.4,,0.619,,,,,
2016,7,451.6,,0.619,,,,,
2017,7,619.8,,0.618,,,,,
2018,7,629.4,,0.617,,,,,
2019,7,537.3,,0.616,,,,,
2020,7,719.5,,0.616,,,,,
2021,7,654.6,,0.615,,,,,
2022,7,531.4,,0.615,,,,,
2023,7,508.7,,0.615,,,,,
2024,7,549.4,,0.614,,,,,
2025,7,666.5,,0.61,,,,,
2026,7,494.5,,0.609,,,,,
2027,7,761.1,,0.609,,,,,
2028,7,654.7,,0.606,,,,,
2029,7,533.3,,0.606,,,,,
2030,7,523.2,,0.606,,,,,
2031,7,410.2,,0.606,,,,,
2032,7,372.7,,0.605,,,,,
2033,7,565.7,,0.605,,,,,
2034,7,519.1,,0.604,,,,,
2035,7,783.8,,0.604,,,,,
2036,7,452.7,,0.601,,,,,
2037,7,460.6,,0.599,,,,,
2038,7,495.8,,0.599,,,,,
2039,7,564.5,,0.599,,,,,
2040,7,448.7,,0.598,,,,,
2041,7,490.0,,0.597,,,,,
2042,7,564.5,,0.597,,,,,
2043,7,430.2,,0.597,,,,,
2044,7,632.2,,0.597,,,,,
2045,7,678.7,,0.597,,,,,
2046,7,604.1,,0.596,,,,,
2047,7,965.3,,0.596,,,,,
2048,7,615.0,,0.596,,,,,
2049,7,708.9,,0.595,,,,,
2050,7,587.2,,0.594,,,,,
2051,7,552.1,,0.593,,,,,
2052,7,783.3,,0.592,,,,,
2053,7,477.2,,0.592,,,,,
2054,7,509.9,,0.592,,,,,
2055,7,481.1,,0.587,,,,,
2056,7,507.2,,0.587,,,,,
2057,7,484.3,,0.587,,,,,
2058,7,538.1,,0.586,,,,,
2059,7,546.4,,0.585,,,,,
2060,7,434.2,,0.585,,,,,
2061,7,435.8,,0.584,,,,,
2062,7,504.6,,0.582,,,,,
2063,7,480.5,,0.58,,,,,
2064,7,521.5,,0.579,,,,,
2065,7,389.4,,0.577,,,,,
2066,7,475.3,,0.577,,,,,
2067,7,533.4,,0.576,,,,,
2068,7,466.4,,0.576,,,,,
2069,7,454.6,,0.575,,,,,
2070,7,415.5,,0.575,,,,,
2071,7,520.5,,0.574,,,,,
2072,7,374.4,,0.574,,,,,
2073,7,446.7,,0.574,,,,,
2074,7,373.0,,0.572,,,,,
2075,7,544.8,,0.572,,,,,
2076,7,384.9,,0.571,,,,,
2077,7,439.2,,0.571,,,,,
2078,7,579.5,,0.571,,,,,
2079,7,620.7,,0.569,,,,,
2080,7,447.4,,0.569,,,,,
2081,7,551.8,,0.568,,,,,
2082,7,480.0,,0.568,,,,,
2083,7,355.3,,0.567,,,,,
2084,7,633.8,,0.566,,,,,
2085,7,366.9,,0.566,,,,,
2086,7,415.5,,0.563,,,,,
2087,7,367.4,,0.561,,,,,
2088,7,412.6,,0.559,,,,,
2089,7,476.4,,0.559,,,,,
2090,7,446.6,,0.559,,,,,
2091,7,395.0,,0.558,,,,,
2092,7,388.1,,0.556,,,,,
2093,7,343.2,,0.556,,,,,
2094,7,588.7,,0.555,,,,,
2095,7,361.2,,0.553,,,,,
2096,7,399.6,,0.55,,,,,
2097,7,386.8,,0.549,,,,,
2098,7,411.5,,0.549,,,,,
2099,7,357.5,,0.548,,,,,
2100,7,640.2,,0.548,,,,,
2101,7,417.8,,0.548,,,,,
2102,7,477.9,,0.547,,,,,
2103,7,394.9,,0.546,,,,,
2104,7,412.8,,0.546,,,,,
2105,7,664.6,,0.545,,,,,
2106,7,404.4,,0.545,,,,,
2107,7,323.8,,0.544,,,,,
2108,7,380.6,,0.543,,,,,
2109,7,458.2,,0.541,,,,,
2110,7,368.6,,0.539,,,,,
2111,7,297.3,,0.538,,,,,
2112,7,327.3,,0.535,,,,,
2113,7,386.9,,0.532,,,,,
2114,7,328.4,,0.53,,,,,
2115,7,794.2,,0.528,,,,,
2116,7,446.9,,0.526,,,,,
2117,7,444.7,,0.525,,,,,
2118,7,385.8,,0.525,,,,,
2119,7,368.3,,0.524,,,,,
2120,7,370.2,,0.522,,,,,
2121,7,480.8,,0.522,,,,,
2122,7,337.3,,0.521,,,,,
2123,7,432.5,,0.52,,,,,
2124,7,405.1,,0.519,,,,,
2125,7,304.3,,0.519,,,,,
2126,7,339.3,,0.519,,,,,
2127,7,353.7,,0.519,,,,,
2128,7,289.7,,0.517,,,,,
2129,7,354.3,,0.516,,,,,
2130,7,351.8,,0.513,,,,,
2131,7,683.9,,0.513,,,,,
2132,7,342.0,,0.512,,,,,
2133,7,317.9,,0.507,,,,,
2134,7,288.2,,0.503,,,,,
2135,7,310.7,,0.502,,,,,
2136,7,340.4,,0.501,,,,,
2137,7,336.6,,0.501,,,,,
2138,7,336.4,,0.498,,,,,
2139,7,467.3,,0.498,,,,,
2140,7,387.8,,0.498,,,,,
2141,7,471.6,,0.497,,,,,
2142,7,363.3,,0.496,,,,,
2143,7,277.8,,0.496,,,,,
2144,7,364.6,,0.496,,,,,
2145,7,324.7,,0.495,,,,,
2146,7,487.6,,0.494,,,,,
2147,7,343.2,,0.494,,,,,
2148,7,384.5,,0.494,,,,,
2149,7,363.6,,0.494,,,,,
2150,7,294.0,,0.493,,,,,
2151,7,313.2,,0.491,,,,,
2152,7,473.9,,0.489,,,,,
2153,7,756.7,,0.489,,,,,
2154,7,374.5,,0.489,,,,,
2155,7,400.7,,0.489,,,,,
2156,7,372.5,,0.483,,,,,
2157,7,352.5,,0.483,,,,,
2158,7,369.7,,0.482,,,,,
2159,7,329.2,,0.48,,,,,
2160,7,455.2,,0.48,,,,,
2161,7,1883.1,,0.479,,,,,
2162,7,822.0,,0.479,,,,,
2163,7,372.9,,0.477,,,,,
2164,7,447.4,,0.476,,,,,
2165,7,326.1,,0.476,,,,,
2166,7,579.0,,0.475,,,,,
2167,7,380.1,,0.473,,,,,
2168,7,341.1,,0.473,,,,,
2169,7,484.4,,0.472,,,,,
2170,7,495.6,,0.472,,,,,
2171,7,521.4,,0.47,,,,,
2172,7,347.6,,0.466,,,,,
2173,7,262.9,,0.462,,,,,
2174,7,370.2,,0.46,,,,,
2175,7,381.2,,0.459,,,,,
2176,7,385.1,,0.459,,,,,
2177,7,273.4,,0.458,,,,,
2178,7,382.6,,0.458,,,,,
2179,7,391.8,,0.457,,,,,
2180,7,252.7,,0.457,,,,,
2181,7,438.8,,0.455,,,,,
2182,7,242.6,,0.451,,,,,
2183,7,436.5,,0.448,,,,,
2184,7,262.3,,0.444,,,,,
2185,7,275.7,,0.442,,,,,
2186,7,325.8,,0.441,,,,,
2187,7,474.9,,0.441,,,,,
2188,7,362.4,,0.44,,,,,
2189,7,362.1,,0.44,,,,,
2190,7,210.9,,0.437,,,,,
2191,7,296.3,,0.437,,,,,
2192,7,320.9,,0.435,,,,,
2193,7,435.5,,0.435,,,,,
2194,7,400.2,,0.435,,,,,
2195,7,315.1,,0.432,,,,,
2196,7,432.6,,0.43,,,,,
2197,7,521.4,,0.418,,,,,
2198,7,343.2,,0.418,,,,,
2199,7,353.0,,0.414,,,,,
2200,7,417.4,,0.408,,,,,
2201,7,230.2,,0.402,,,,,
2202,7,319.5,,0.4,,,,,
2203,7,351.7,,0.397,,,,,
2204,7,1101.3,,0.394,,,,,
2205,7,329.1,,0.393,,,,,
2206,7,302.8,,0.392,,,,,
2207,7,235.5,,0.386,,,,,
2208,7,221.1,,0.385,,,,,
2209,7,416.6,,0.38,,,,,
2210,7,283.2,,0.374,,,,,
2211,7,377.8,,0.372,,,,,
2212,7,489.0,,0.367,,,,,
2213,7,341.1,,0.357,,,,,
2214,7,478.8,,0.357,,,,,
2215,7,495.7,,0.34,,,,,
2216,7,497.3,,0.336,,,,,
2217,7,474.8,,0.332,,,,,
2218,7,262.4,,0.327,,,,,
2219,7,323.4,,0.323,,,,,
2220,7,400.1,,0.319,,,,,
2221,7,318.6,,0.317,,,,,
2222,7,502.1,,0.313,,,,,
2223,7,274.4,,0.305,,,,,
2224,7,298.1,,0.297,,,,,
2225,7,303.7,,0.294,,,,,
2226,7,738.5,,0.287,,,,,
2227,7,312.9,,0.287,,,,,
2228,7,296.9,,0.286,,,,,
2229,7,350.9,,0.269,,,,,
2230,7,1419.4,,0.269,,,,,
2231,7,601.3,,0.264,,,,,
2232,7,585.6,,0.264,,,,,
2233,7,324.1,,0.26,,,,,
2234,7,350.9,,0.26,,,,,
2235,7,703.9,,0.259,,,,,
2236,7,277.3,,0.258,,,,,
2237,7,424.0,,0.255,,,,,
2238,8,1254.2,,0.687,,,,,
2239,8,1063.4,,0.67,,,,,
2240,8,745.0,,0.663,,,,,
2241,8,888.5,,0.659,,,,,
2242,8,1123.3,,0.646,,,,,
2243,8,629.5,,0.646,,,,,
2244,8,806.2,,0.644,,,,,
2245,8,810.6,,0.639,,,,,
2246,8,714.8,,0.635,,,,,
2247,8,1028.7,,0.635,,,,,
2248,8,547.4,,0.634,,,,,
2249,8,651.3,,0.632,,,,,
2250,8,1065.7,,0.631,,,,,
2251,8,564.0,,0.624,,,,,
2252,8,856.2,,0.623,,,,,
2253,8,787.4,,0.622,,,,,
2254,8,717.8,,0.622,,,,,
2255,8,588.3,,0.621,,,,,
2256,8,540.2,,0.621,,,,,
2257,8,1372.2,,0.62,,,,,
2258,8,503.9,,0.618,,,,,
2259,8,422.6,,0.617,,,,,
2260,8,686.8,,0.617,,,,,
2261,8,658.0,,0.616,,,,,
2262,8,857.5,,0.616,,,,,
2263,8,424.9,,0.616,,,,,
2264,8,392.6,,0.615,,,,,
2265,8,489.8,,0.614,,,,,
2266,8,770.9,,0.614,,,,,
2267,8,804.6,,0.614,,,,,
2268,8,614.9,,0.613,,,,,
2269,8,575.5,,0.611,,,,,
2270,8,746.7,,0.611,,,,,
2271,8,854.1,,0.61,,,,,
2272,8,607.2,,0.609,,,,,
2273,8,632.5,,0.609,,,,,
2274,8,687.3,,0.609,,,,,
2275,8,438.0,,0.608,,,,,
2276,8,626.5,,0.608,,,,,
2277,8,450.1,,0.607,,,,,
2278,8,618.8,,0.607,,,,,
2279,8,570.3,,0.607,,,,,
2280,8,473.4,,0.607,,,,,
2281,8,551.0,,0.605,,,,,
2282,8,542.2,,0.603,,,,,
2283,8,590.0,,0.601,,,,,
2284,8,682.9,,0.601,,,,,
2285,8,522.0,,0.6,,,,,
2286,8,552.7,,0.598,,,,,
2287,8,412.5,,0.598,,,,,
2288,8,524.0,,0.597,,,,,
2289,8,414.1,,0.597,,,,,
2290,8,747.2,,0.596,,,,,
2291,8,660.2,,0.594,,,,,
2292,8,412.6,,0.593,,,,,
2293,8,637.7,,0.592,,,,,
2294,8,510.7,,0.591,,,,,
2295,8,898.1,,0.59,,,,,
2296,8,620.2,,0.59,,,,,
2297,8,620.0,,0.589,,,,,
2298,8,476.5,,0.587,,,,,
2299,8,482.7,,0.586,,,,,
2300,8,551.2,,0.586,,,,,
2301,8,414.2,,0.585,,,,,
2302,8,381.8,,0.584,,,,,
2303,8,473.0,,0.582,,,,,
2304,8,493.1,,0.58,,,,,
2305,8,523.8,,0.58,,,,,
2306,8,748.7,,0.579,,,,,
2307,8,528.2,,0.579,,,,,
2308,8,394.5,,0.578,,,,,
2309,8,691.3,,0.578,,,,,
2310,8,459.6,,0.577,,,,,
2311,8,418.2,,0.574,,,,,
2312,8,426.3,,0.572,,,,,
2313,8,401.6,,0.569,,,,,
2314,8,550.7,,0.569,,,,,
2315,8,511.1,,0.569,,,,,
2316,8,287.4,,0.568,,,,,
2317,8,451.2,,0.567,,,,,
2318,8,403.9,,0.567,,,,,
2319,8,1090.3,,0.566,,,,,
2320,8,375.0,,0.565,,,,,
2321,8,483.0,,0.565,,,,,
2322,8,439.3,,0.564,,,,,
2323,8,440.9,,0.564,,,,,
2324,8,596.1,,0.562,,,,,
2325,8,482.2,,0.562,,,,,
2326,8,613.0,,0.562,,,,,
2327,8,435.0,,0.561,,,,,
2328,8,472.4,,0.56,,,,,
2329,8,434.0,,0.558,,,,,
2330,8,955.4,,0.558,,,,,
2331,8,391.5,,0.558,,,,,
2332,8,391.0,,0.557,,,,,
2333,8,552.3,,0.557,,,,,
2334,8,415.9,,0.557,,,,,
2335,8,485.6,,0.556,,,,,
2336,8,394.6,,0.554,,,,,
2337,8,392.3,,0.554,,,,,
2338,8,399.0,,0.554,,,,,
2339,8,404.0,,0.553,,,,,
2340,8,378.2,,0.552,,,,,
2341,8,353.6,,0.551,,,,,
2342,8,563.0,,0.55,,,,,
2343,8,339.2,,0.55,,,,,
2344,8,309.5,,0.549,,,,,
2345,8,318.6,,0.549,,,,,
2346,8,434.4,,0.548,,,,,
2347,8,364.0,,0.548,,,,,
2348,8,374.8,,0.547,,,,,
2349,8,405.4,,0.547,,,,,
2350,8,344.5,,0.547,,,,,
2351,8,402.5,,0.546,,,,,
2352,8,416.9,,0.546,,,,,
2353,8,444.1,,0.546,,,,,
2354,8,477.8,,0.546,,,,,
2355,8,364.0,,0.546,,,,,
2356,8,409.7,,0.545,,,,,
2357,8,449.3,,0.545,,,,,
2358,8,357.0,,0.545,,,,,
2359,8,426.8,,0.543,,,,,
2360,8,426.5,,0.542,,,,,
2361,8,446.1,,0.541,,,,,
2362,8,371.2,,0.537,,,,,
2363,8,375.7,,0.537,,,,,
2364,8,672.8,,0.536,,,,,
2365,8,361.0,,0.536,,,,,
2366,8,453.7,,0.535,,,,,
2367,8,545.7,,0.532,,,,,
2368,8,534.8,,0.531,,,,,
2369,8,354.8,,0.53,,,,,
2370,8,409.6,,0.53,,,,,
2371,8,377.2,,0.53,,,,,
2372,8,348.2,,0.527,,,,,
2373,8,309.3,,0.527,,,,,
2374,8,328.6,,0.524,,,,,
2375,8,283.0,,0.523,,,,,
2376,8,349.6,,0.521,,,,,
2377,8,392.5,,0.521,,,,,
2378,8,386.2,,0.521,,,,,
2379,8,449.9,,0.52,,,,,
2380,8,372.1,,0.517,,,,,
2381,8,381.4,,0.516,,,,,
2382,8,381.9,,0.516,,,,,
2383,8,533.7,,0.515,,,,,
2384,8,301.2,,0.513,,,,,
2385,8,386.2,,0.513,,,,,
2386,8,511.8,,0.512,,,,,
2387,8,426.8,,0.512,,,,,
2388,8,294.8,,0.511,,,,,
2389,8,307.5,,0.51,,,,,
2390,8,370.4,,0.508,,,,,
2391,8,360.2,,0.507,,,,,
2392,8,351.6,,0.505,,,,,
2393,8,357.9,,0.499,,,,,
2394,8,310.3,,0.498,,,,,
2395,8,361.4,,0.498,,,,,
2396,8,379.7,,0.497,,,,,
2397,8,401.2,,0.497,,,,,
2398,8,386.6,,0.496,,,,,
2399,8,390.1,,0.496,,,,,
2400,8,392.2,,0.495,,,,,
2401,8,303.9,,0.494,,,,,
2402,8,298.7,,0.491,,,,,
2403,8,399.9,,0.491,,,,,
2404,8,280.6,,0.489,,,,,
2405,8,303.4,,0.486,,,,,
2406,8,353.6,,0.485,,,,,
2407,8,398.5,,0.482,,,,,
2408,8,361.1,,0.48,,,,,
2409,8,373.6,,0.48,,,,,
2410,8,295.7,,0.48,,,,,
2411,8,321.5,,0.48,,,,,
2412,8,299.9,,0.479,,,,,
2413,8,482.2,,0.478,,,,,
2414,8,310.5,,0.478,,,,,
2415,8,304.4,,0.477,,,,,
2416,8,354.0,,0.477,,,,,
2417,8,327.9,,0.476,,,,,
2418,8,1050.6,,0.473,,,,,
2419,8,288.5,,0.473,,,,,
2420,8,296.1,,0.472,,,,,
2421,8,395.2,,0.461,,,,,
2422,8,414.6,,0.461,,,,,
2423,8,457.5,,0.459,,,,,
2424,8,327.2,,0.458,,,,,
2425,8,170.8,,0.457,,,,,
2426,8,328.6,,0.454,,,,,
2427,8,215.6,,0.451,,,,,
2428,8,353.5,,0.449,,,,,
2429,8,370.1,,0.448,,,,,
2430,8,337.0,,0.446,,,,,
2431,8,318.4,,0.445,,,,,
2432,8,333.2,,0.442,,,,,
2433,8,477.3,,0.442,,,,,
2434,8,322.5,,0.44,,,,,
2435,8,378.0,,0.439,,,,,
2436,8,228.3,,0.437,,,,,
2437,8,354.2,,0.437,,,,,
2438,8,252.1,,0.436,,,,,
2439,8,450.8,,0.435,,,,,
2440,8,323.2,,0.431,,,,,
2441,8,189.6,,0.424,,,,,
2442,8,324.8,,0.423,,,,,
2443,8,253.9,,0.42,,,,,
2444,8,365.0,,0.419,,,,,
2445,8,317.1,,0.418,,,,,
2446,8,506.2,,0.416,,,,,
2447,8,418.7,,0.409,,,,,
2448,8,370.9,,0.395,,,,,
2449,8,452.7,,0.392,,,,,
2450,8,318.5,,0.385,,,,,
2451,8,384.9,,0.381,,,,,
2452,8,348.4,,0.378,,,,,
2453,8,543.9,,0.375,,,,,
2454,8,1285.9,,0.373,,,,,
2455,8,373.6,,0.362,,,,,
2456,8,354.0,,0.354,,,,,
2457,8,447.5,,0.353,,,,,
2458,8,346.0,,0.35,,,,,
2459,8,285.3,,0.345,,,,,
2460,8,313.4,,0.343,,,,,
2461,8,325.2,,0.341,,,,,
2462,8,406.1,,0.34,,,,,
2463,8,470.0,,0.34,,,,,
2464,8,253.1,,0.34,,,,,
2465,8,306.7,,0.338,,,,,
2466,8,249.9,,0.337,,,,,
2467,8,354.4,,0.334,,,,,
2468,8,378.4,,0.33,,,,,
2469,8,345.7,,0.327,,,,,
2470,8,210.5,,0.319,,,,,
2471,8,569.3,,0.319,,,,,
2472,8,314.9,,0.318,,,,,
2473,8,341.6,,0.311,,,,,
2474,8,351.7,,0.302,,,,,
2475,8,471.9,,0.299,,,,,
2476,8,457.9,,0.295,,,,,
2477,8,362.0,,0.294,,,,,
2478,8,364.9,,0.293,,,,,
2479,8,332.4,,0.287,,,,,
2480,8,345.9,,0.286,,,,,
2481,8,812.4,,0.278,,,,,
2482,8,307.4,,0.27,,,,,
2483,8,538.5,,0.27,,,,,
2484,9,1104.4,,0.67,,,,,
2485,9,929.4,,0.665,,,,,
2486,9,589.9,,0.656,,,,,
2487,9,654.6,,0.652,,,,,
2488,9,739.6,,0.646,,,,,
2489,9,701.5,,0.645,,,,,
2490,9,788.6,,0.644,,,,,
2491,9,829.7,,0.644,,,,,
2492,9,646.4,,0.643,,,,,
2493,9,660.0,,0.642,,,,,
2494,9,768.3,,0.642,,,,,
2495,9,601.7,,0.635,,,,,
2496,9,724.2,,0.635,,,,,
2497,9,604.2,,0.634,,,,,
2498,9,801.3,,0.631,,,,,
2499,9,676.0,,0.63,,,,,
2500,9,759.9,,0.63,,,,,
2501,9,885.2,,0.628,,,,,
2502,9,665.1,,0.628,,,,,
2503,9,1424.3,,0.628,,,,,
2504,9,804.0,,0.621,,,,,
2505,9,531.9,,0.619,,,,,
2506,9,732.2,,0.618,,,,,
2507,9,592.6,,0.617,,,,,
2508,9,563.6,,0.617,,,,,
2509,9,1018.0,,0.616,,,,,
2510,9,631.1,,0.614,,,,,
2511,9,655.5,,0.613,,,,,
2512,9,556.2,,0.612,,,,,
2513,9,625.0,,0.611,,,,,
2514,9,659.7,,0.61,,,,,
2515,9,706.1,,0.61,,,,,
2516,9,649.2,,0.608,,,,,
2517,9,866.4,,0.607,,,,,
2518,9,595.8,,0.606,,,,,
2519,9,707.1,,0.606,,,,,
2520,9,744.9,,0.606,,,,,
2521,9,838.3,,0.605,,,,,
2522,9,705.3,,0.604,,,,,
2523,9,767.7,,0.604,,,,,
2524,9,643.7,,0.603,,,,,
2525,9,832.9,,0.603,,,,,
2526,9,526.3,,0.602,,,,,
2527,9,544.4,,0.601,,,,,
2528,9,862.4,,0.601,,,,,
2529,9,654.0,,0.6,,,,,
2530,9,600.3,,0.6,,,,,
2531,9,780.0,,0.599,,,,,
2532,9,714.1,,0.599,,,,,
2533,9,432.8,,0.598,,,,,
2534,9,494.7,,0.597,,,,,
2535,9,411.6,,0.596,,,,,
2536,9,480.3,,0.594,,,,,
2537,9,628.1,,0.594,,,,,
2538,9,774.7,,0.594,,,,,
2539,9,371.4,,0.592,,,,,
2540,9,531.4,,0.591,,,,,
2541,9,547.5,,0.589,,,,,
2542,9,545.0,,0.589,,,,,
2543,9,495.9,,0.589,,,,,
2544,9,559.4,,0.589,,,,,
2545,9,419.1,,0.588,,,,,
2546,9,478.8,,0.587,,,,,
2547,9,1212.4,,0.587,,,,,
2548,9,483.7,,0.586,,,,,
2549,9,536.4,,0.586,,,,,
2550,9,374.1,,0.586,,,,,
2551,9,518.3,,0.585,,,,,
2552,9,497.3,,0.585,,,,,
2553,9,768.3,,0.582,,,,,
2554,9,526.6,,0.581,,,,,
2555,9,565.8,,0.579,,,,,
2556,9,697.1,,0.579,,,,,
2557,9,621.0,,0.578,,,,,
2558,9,543.9,,0.578,,,,,
2559,9,566.6,,0.577,,,,,
2560,9,493.6,,0.577,,,,,
2561,9,467.9,,0.577,,,,,
2562,9,372.7,,0.577,,,,,
2563,9,442.0,,0.576,,,,,
2564,9,463.5,,0.576,,,,,
2565,9,514.8,,0.576,,,,,
2566,9,429.1,,0.573,,,,,
2567,9,385.8,,0.57,,,,,
2568,9,583.7,,0.57,,,,,
2569,9,481.6,,0.57,,,,,
2570,9,526.2,,0.57,,,,,
2571,9,542.7,,0.569,,,,,
2572,9,389.2,,0.568,,,,,
2573,9,529.5,,0.568,,,,,
2574,9,569.5,,0.568,,,,,
2575,9,437.7,,0.567,,,,,
2576,9,562.6,,0.565,,,,,
2577,9,801.8,,0.565,,,,,
2578,9,452.2,,0.563,,,,,
2579,9,931.6,,0.563,,,,,
2580,9,638.6,,0.561,,,,,
2581,9,398.9,,0.559,,,,,
2582,9,267.3,,0.558,,,,,
2583,9,421.7,,0.558,,,,,
2584,9,423.0,,0.557,,,,,
2585,9,569.6,,0.557,,,,,
2586,9,526.5,,0.556,,,,,
2587,9,412.1,,0.555,,,,,
2588,9,429.1,,0.555,,,,,
2589,9,447.2,,0.554,,,,,
2590,9,335.2,,0.553,,,,,
2591,9,516.8,,0.553,,,,,
2592,9,423.5,,0.553,,,,,
2593,9,640.3,,0.55,,,,,
2594,9,589.0,,0.55,,,,,
2595,9,393.1,,0.548,,,,,
2596,9,483.0,,0.548,,,,,
2597,9,413.5,,0.548,,,,,
2598,9,427.4,,0.547,,,,,
2599,9,432.9,,0.546,,,,,
2600,9,767.7,,0.544,,,,,
2601,9,427.7,,0.544,,,,,
2602,9,635.9,,0.544,,,,,
2603,9,446.6,,0.543,,,,,
2604,9,383.8,,0.542,,,,,
2605,9,387.5,,0.542,,,,,
2606,9,430.6,,0.542,,,,,
2607,9,461.2,,0.541,,,,,
2608,9,333.6,,0.538,,,,,
2609,9,350.1,,0.538,,,,,
2610,9,344.9,,0.538,,,,,
2611,9,377.6,,0.538,,,,,
2612,9,439.5,,0.536,,,,,
2613,9,335.8,,0.536,,,,,
2614,9,367.1,,0.535,,,,,
2615,9,399.6,,0.534,,,,,
2616,9,418.4,,0.534,,,,,
2617,9,317.8,,0.534,,,,,
2618,9,395.3,,0.534,,,,,
2619,9,516.5,,0.532,,,,,
2620,9,408.4,,0.532,,,,,
2621,9,719.6,,0.532,,,,,
2622,9,615.5,,0.53,,,,,
2623,9,474.3,,0.529,,,,,
2624,9,322.3,,0.529,,,,,
2625,9,430.6,,0.528,,,,,
2626,9,457.4,,0.528,,,,,
2627,9,364.3,,0.526,,,,,
2628,9,414.3,,0.526,,,,,
2629,9,447.1,,0.526,,,,,
2630,9,377.9,,0.526,,,,,
2631,9,392.2,,0.524,,,,,
2632,9,465.4,,0.523,,,,,
2633,9,403.2,,0.523,,,,,
2634,9,386.4,,0.522,,,,,
2635,9,490.2,,0.522,,,,,
2636,9,437.0,,0.521,,,,,
2637,9,371.2,,0.52,,,,,
2638,9,474.3,,0.519,,,,,
2639,9,552.0,,0.517,,,,,
2640,9,373.8,,0.516,,,,,
2641,9,398.4,,0.515,,,,,
2642,9,388.6,,0.515,,,,,
2643,9,352.1,,0.513,,,,,
2644,9,449.3,,0.513,,,,,
2645,9,394.2,,0.511,,,,,
2646,9,449.1,,0.511,,,,,
2647,9,472.9,,0.509,,,,,
2648,9,363.1,,0.508,,,,,
2649,9,528.1,,0.507,,,,,
2650,9,573.6,,0.505,,,,,
2651,9,550.7,,0.505,,,,,
2652,9,425.3,,0.502,,,,,
2653,9,360.8,,0.501,,,,,
2654,9,365.4,,0.498,,,,,
2655,9,609.5,,0.498,,,,,
2656,9,463.8,,0.496,,,,,
2657,9,370.5,,0.494,,,,,
2658,9,444.8,,0.491,,,,,
2659,9,442.9,,0.49,,,,,
2660,9,586.2,,0.489,,,,,
2661,9,470.1,,0.489,,,,,
2662,9,292.5,,0.486,,,,,
2663,9,381.1,,0.486,,,,,
2664,9,391.5,,0.481,,,,,
2665,9,549.0,,0.48,,,,,
2666,9,357.3,,0.48,,,,,
2667,9,410.7,,0.477,,,,,
2668,9,363.4,,0.474,,,,,
2669,9,312.9,,0.473,,,,,
2670,9,234.2,,0.469,,,,,
2671,9,1668.9,,0.463,,,,,
2672,9,299.9,,0.461,,,,,
2673,9,255.6,,0.456,,,,,
2674,9,1024.7,,0.455,,,,,
2675,9,387.5,,0.454,,,,,
2676,9,282.6,,0.453,,,,,
2677,9,418.3,,0.452,,,,,
2678,9,648.3,,0.451,,,,,
2679,9,458.0,,0.451,,,,,
2680,9,335.1,,0.451,,,,,
2681,9,258.2,,0.45,,,,,
2682,9,364.3,,0.448,,,,,
2683,9,263.9,,0.446,,,,,
2684,9,316.2,,0.445,,,,,
2685,9,397.8,,0.442,,,,,
2686,9,394.2,,0.438,,,,,
2687,9,520.2,,0.43,,,,,
2688,9,304.6,,0.422,,,,,
2689,9,402.2,,0.422,,,,,
2690,9,389.6,,0.419,,,,,
2691,9,422.8,,0.419,,,,,
2692,9,446.9,,0.416,,,,,
2693,9,429.3,,0.416,,,,,
2694,9,368.9,,0.407,,,,,
2695,9,246.8,,0.404,,,,,
2696,9,279.8,,0.403,,,,,
2697,9,305.8,,0.4,,,,,
2698,9,370.5,,0.392,,,,,
2699,9,443.5,,0.383,,,,,
2700,9,549.8,,0.383,,,,,
2701,9,604.0,,0.377,,,,,
2702,9,397.4,,0.374,,,,,
2703,9,208.9,,0.374,,,,,
2704,9,303.5,,0.373,,,,,
2705,9,731.4,,0.372,,,,,
2706,9,404.0,,0.372,,,,,
2707,9,345.0,,0.371,,,,,
2708,9,376.3,,0.36,,,,,
2709,9,432.1,,0.359,,,,,
2710,9,1483.8,,0.355,,,,,
2711,9,495.3,,0.354,,,,,
2712,9,469.9,,0.351,,,,,
2713,9,216.9,,0.337,,,,,
2714,9,340.7,,0.333,,,,,
2715,9,569.0,,0.331,,,,,
2716,9,429.0,,0.33,,,,,
2717,9,335.5,,0.329,,,,,
2718,9,2059.6,,0.328,,,,,
2719,9,428.2,,0.326,,,,,
2720,9,449.7,,0.322,,,,,
2721,9,442.0,,0.319,,,,,
2722,9,1128.4,,0.313,,,,,
2723,9,276.7,,0.305,,,,,
2724,9,377.1,,0.302,,,,,
2725,9,680.6,,0.298,,,,,
2726,9,409.7,,0.297,,,,,
2727,9,392.0,,0.284,,,,,
2728,9,370.9,,0.279,,,,,
2729,9,312.4,,0.27,,,,,
2730,9,541.3,,0.269,,,,,
2731,9,331.8,,0.269,,,,,
2732,9,301.5,,0.268,,,,,
2733,9,394.9,,0.267,,,,,
2734,9,298.8,,0.264,,,,,
2735,9,874.9,,0.261,,,,,
2736,9,455.6,,0.258,,,,,
2737,9,784.8,,0.254,,,,,
